FixtureId,WTEvent,StartTime,EndTime,Broadcaster,Server,Decoder,DataSource,Sport,Competition,Country,Home,Away,Status
e415b20f-9a61-4312-850b-9d44cf9f2096, 10090510, 03/10/2026 06:00:00, 03/10/2026 12:00:00,Sky Sport Moto GP [208],Euro7,Sky-IT4,Stats Perform,Motorsports, World - FIM MotoGP World Championship - Mixed, World, , ,
a237f385-36b2-40f3-9150-e694b084f02a, 10081934, 03/10/2026 06:00:00, 03/10/2026 08:30:00,Stadium Feed,Euro155,DZN_Ch18,Stats Perform,Soccer, Japan - U21 J-League - Male, Japan, Kawasaki Frontale Res., Tokyo Verdy Res.,
84dfaf55-b7de-428c-8bdc-4a84738407fd, 10090207, 03/10/2026 06:00:00, 03/10/2026 08:30:00,beIN Sport 6 - ME [008],Israel7,Not Set,Stats Perform,Soccer, Asia - Asian Games - Male, Asia, China PR U23, Uzbekistan U23,
302c7941-dae5-45da-aa5d-46cec481f92d, 10085524, 03/10/2026 06:00:00, 03/10/2026 08:30:00,Stadium Feed,Euro156,DZN_Ch17,Stats Perform,Soccer, Japan - J3 League - Male, Japan, Ehime, Thespa Gunma,
, 10090531, 03/10/2026 06:00:00, 03/10/2026 12:00:00,Eurosport 1 Norway (68),Euro62,SCAND-2 N,,Snooker,  Snooker Shenzhen Open , World, , ,
8c661a1d-f2b0-4f2c-8254-d93781b691f3, 10090583, 03/10/2026 06:01:00, 03/10/2026 12:01:00,Italy Sport Arena [204],Euro5,Sky-IT2,Stats Perform,Motorsports, World - FIA World Rally Championship - Mixed, World, , ,
56d15d18-5d00-40ae-9a9d-cc64e5e99b61, 10089661, 03/10/2026 06:10:00, 03/10/2026 08:40:00,Super Sport Rugby [211],Sa1,Not Set,Stats Perform,Rugby Union, New Zealand - National Provincial Championship - Male, New Zealand, Waikato, Tasman,
1a7be05c-add8-4375-a92d-7bad3008e0d3, 10081193, 03/10/2026 07:00:00, 03/10/2026 09:30:00,Stadium Feed,Euro164,JLE_CH01,Stats Perform,Soccer, Japan - J-League Cup - Male, Japan, Machida Zelvia, Kyoto Sanga,
07854414-a548-4c2c-8544-f014cdff08cc, 10081191, 03/10/2026 07:00:00, 03/10/2026 09:30:00,Stadium Feed,Euro165,DZN_Ch19,Stats Perform,Soccer, Japan - J2 League - Male, Japan, Ventforet Kofu, Kataller Toyama,
, 10091375, 03/10/2026 07:00:00, 03/10/2026 13:00:00,Fox Sports 6 HD [506],Aus4,Not Set,Stats Perform,Motorsports, World - FIA F1 World Championship - Mixed, World, , ,
f14f0445-f08f-4d35-99fb-8578ebbbdbd1, 10081405, 03/10/2026 07:05:00, 03/10/2026 10:05:00,Super Sport ESPN 2 [219],Sa3,Not Set,Stats Perform,Aussie Rules, Australia - AFL Women - Female, Australia, Brisbane Lions, Gold Coast Suns,
32ac8ad8-0547-4090-97b8-6df43de2ca1b, 10081384, 03/10/2026 07:30:00, 03/10/2026 10:00:00,ESPN 1 Aus [509],Aus1,Not Set,Stats Perform,Basketball, Australia - NBL - Male, Australia, Brisbane Bullets, Tasmania JackJumpers,
d024a828-90e6-4250-a460-cabd0ca8ba76, 10090495, 03/10/2026 08:00:00, 03/10/2026 14:00:00,Sky Sport F1 [207],Euro6,Sky-IT3,Stats Perform,Motorsports, World - FIA F1 World Championship - Mixed, World, , ,
c10081b1-f2d8-4a96-8907-539aa0eb08e9, 10085534, 03/10/2026 08:00:00, 03/10/2026 10:30:00,Stadium Feed,Euro166,DZN_Ch23,Stats Perform,Soccer, Japan - J3 League - Male, Japan, Sagamihara, Osaka,
7885ae5b-d5ea-46df-927e-8eaac9c26796, 10081198, 03/10/2026 08:00:00, 03/10/2026 10:30:00,Stadium Feed,Euro167,DZN_Ch21,Stats Perform,Soccer, Japan - J2 League - Male, Japan, Oita Trinita, Montedio Yamagata,
77d5a7e4-f3da-4fb7-9680-5f4104db525a, 10081197, 03/10/2026 08:00:00, 03/10/2026 10:30:00,Stadium Feed,Euro168,DZN_Ch24,Stats Perform,Soccer, Japan - J2 League - Male, Japan, Tochigi City, Imabari,
415885e5-1203-4ef6-80b3-2a92f6f4c075, 10085527, 03/10/2026 08:00:00, 03/10/2026 10:30:00,Stadium Feed,Euro169,DZN_Ch22,Stats Perform,Soccer, Japan - J3 League - Male, Japan, Ryukyu, Zweigen Kanazawa,
24e5c905-9cff-4d03-a24b-a294f67acbe7, 10085522, 03/10/2026 08:00:00, 03/10/2026 10:30:00,Stadium Feed,Euro170,DZN_Ch20,Stats Perform,Soccer, Japan - J3 League - Male, Japan, Giravanz Kitakyushu, Kochi United,
, 10092542, 03/10/2026 08:00:00, 03/10/2026 14:00:00,Radio 5 Live SX,Euro43,R5LX,Stats Perform,Motorsports, World - FIA F1 World Championship - Mixed, World, , ,
3ed532ed-7f8f-4b47-8235-3286840563db, 10086795, 03/10/2026 08:30:00, 03/10/2026 18:30:00,Super Sport Cricket [212],Sa4,Not Set,Stats Perform,Cricket, World - West Indies in India 2026 - Male, World, India, West Indies,
, 10091637, 03/10/2026 08:30:00, 03/10/2026 14:30:00,ITV4 [120],Euro53,ASTRA-1,Legacy,Horse Racing, ITV Racing, England, , ,
, 10091080, 03/10/2026 08:55:00, 03/10/2026 10:55:00,Match TV,Russia2,Not Set,Legacy,Futsal, Superliga, Russia, Tyumen, Surgut,
e50adfe6-5ff4-4faa-b51e-b2159ecc30a4, 10091378, 03/10/2026 09:00:00, 03/10/2026 11:30:00,Stadium Feed,Euro127,ZOO_Ch02,Stats Perform,Soccer, Europe - U20 Elite League - Male, Europe, France U20, Italy U20,
a324433f-713c-4c43-9afb-c748cca837d4, 10086831, 03/10/2026 09:00:00, 03/10/2026 14:00:00,608 - G-,Jpn5,Not Set,Stats Perform,Baseball, Japan - NPB - Male, Japan, Yomiuri Giants, Yokohama BayStars,
99474504-8c02-4add-acf7-32dc383a0e3a, 10086830, 03/10/2026 09:00:00, 03/10/2026 14:00:00,JSports3 [606],Jpn3,Not Set,Stats Perform,Baseball, Japan - NPB - Male, Japan, Tohoku Rakuten, Orix Buffaloes,
4f7a00cc-abd8-4345-ad0c-4dfdef1d32c2, 10090685, 03/10/2026 09:00:00, 03/10/2026 11:30:00,Match Premier,Russia1,Not Set,Stats Perform,Soccer, Russia - Superliga Women - Female, Russia, Zvezda Perm, Krylya Sovetov,
1c607670-a813-4afc-92d6-66e32b743867, 10086825, 03/10/2026 09:00:00, 03/10/2026 14:00:00,NTV News24 [571],Jpn10,Not Set,Stats Perform,Baseball, Japan - NPB - Male, Japan, Chiba Lotte Marines, Fukuoka SoftBank Hawks,
, 10091076, 03/10/2026 09:00:00, 03/10/2026 15:00:00,Match Fighter,Russia3,Not Set,Legacy,Boxing, Bare Knuckle Fighting Championship, World, H. Hepy, S. Shoemaker,
, 10091409, 03/10/2026 09:00:00, 03/10/2026 14:00:00,Fuji One - 614,Jpn9,Not Set,Stats Perform,Baseball, Japan - NPB - Male, Japan, Tokyo Yakult Swallows, Chunichi Dragons,
a1068c32-3226-4aa2-a475-6b08e0e31dc4, 10089662, 03/10/2026 09:15:00, 03/10/2026 11:45:00,Super Sport Rugby [211],Sa1,Not Set,Stats Perform,Rugby Union, South Africa - SA Rugby U20 Cup - Male, South Africa, Lions U20, DHL Stormer Bolts U20,
9c4469fc-35f2-4ea4-8fef-8d2f7a2d1f92, 10081400, 03/10/2026 09:15:00, 03/10/2026 12:15:00,Super Sport ESPN 2 [219],Sa3,Not Set,Stats Perform,Aussie Rules, Australia - AFL Women - Female, Australia, Port Adelaide, Adelaide,
8968ba7b-ba76-4a79-bd11-6f65703a8c5c, 10081385, 03/10/2026 09:30:00, 03/10/2026 12:00:00,ESPN 1 Aus [509],Aus1,Not Set,Stats Perform,Basketball, Australia - NBL - Male, Australia, Melbourne United, Cairns Taipans,
, 10091369, 03/10/2026 09:30:00, 03/10/2026 16:30:00,Fox Sports 5 HD [505],Aus2,Not Set,Legacy,Darts, ANZ Premier League, World, , ,
b6aede3e-e9ec-41a0-a24d-2e8c5e5ea3eb, 10081200, 03/10/2026 10:00:00, 03/10/2026 12:30:00,Stadium Feed,Euro171,JLE_CH02,Stats Perform,Soccer, Japan - J-League Cup - Male, Japan, Kashiwa Reysol, Gamba Osaka,
afd850a7-dd95-48f9-96ed-2a63d75d6e4f, 10091039, 03/10/2026 10:00:00, 03/10/2026 12:30:00,Polsat Sport [119],Euro16,POL-1,Stats Perform,Volleyball, Poland - Polska Liga (W) - Female, Poland, Sokoł Mogilno, Radomka Radom,
9bd6070e-7247-4517-9cb9-3dc38554d8ad, 10092900, 03/10/2026 10:00:00, 03/10/2026 12:30:00,Stadium Feed,Euro172,ADC_CH20,Stats Perform,Soccer, Asia - FIFA ASEAN Cup - Male, Asia, Hong Kong, China,
8a2a9365-3ba4-4908-b65a-0e8e779bf4aa, 10090917, 03/10/2026 10:00:00, 03/10/2026 12:30:00,Stadium Feed,Euro161,OVE_CH06,Stats Perform,Soccer, Spain - Primera Division Femenina - Female, Spain, Espanyol, Alaves,
467c7a28-14ef-48a8-99ff-8964ed2f1725, 10088910, 03/10/2026 10:00:00, 03/10/2026 13:00:00,Stadium Feed,Euro125,XVI_CH01,Stats Perform,Ice Hockey, Europe - Baltic Championship - Male, Europe, HS Riga, Zemgale,
32812155-c333-4cc2-b40e-04f404c609a6, 10090916, 03/10/2026 10:00:00, 03/10/2026 12:30:00,Stadium Feed,Euro162,OVE_CH07,Stats Perform,Soccer, Spain - Primera Division Femenina - Female, Spain, Sevilla, Badalona,
1f8c02ed-6f68-4720-ba42-e7410ffa86fc, 10080338, 03/10/2026 10:00:00, 03/10/2026 12:10:02,Infront,Euro205,IGM_INF_DSC_DEFAULT,InFront Streaming,Basketball, Turkey - Turkish Super Lig - Mixed, Turkey, Denizli Basket, Tofas,
1663d5f2-11d5-44fa-8a83-de8bc4dc3261, 10088909, 03/10/2026 10:00:00, 03/10/2026 13:00:00,Stadium Feed,Euro128,XVI_CH02,Stats Perform,Ice Hockey, Europe - Baltic Championship - Male, Europe, Prizma, Kyiv Capitals,
, 10091594, 03/10/2026 10:00:00, 03/10/2026 18:00:00,Super Sport Golf [213],Sa2,Not Set,Stats Perform,Golf, South Africa - Limpopo Championship - Mixed, South Africa, , ,
, 10092257, 03/10/2026 10:00:00, 03/10/2026 18:00:00,Yes Sport 4 - [54],Israel11,Not Set,Legacy,Other, Padel Tennis, World, , ,
642912b6-eb91-411c-a040-2ab3eabfeac8, 10090206, 03/10/2026 10:30:00, 03/10/2026 14:00:00,beIN Sports Eng 1 - ME [021],Israel7,Not Set,Stats Perform,Soccer, Asia - Asian Games - Male, Asia, Korea Republic U23, Japan U23,switch
628f08fb-f238-46c5-bf98-31a254895351, 10080768, 03/10/2026 10:30:00, 03/10/2026 12:49:24,Infront,Euro239,IGM_INF_DSC_DEFAULT,InFront Streaming,Soccer, World - Italian Serie A Women - Mixed, World, Parma W, Ternana W,
df82544f-346d-4139-a7fa-0f8faec98ff5, 10092947, 03/10/2026 11:00:00, 03/10/2026 13:00:00,Teledeporte [79],Euro34,Spain-4,Stats Perform,Futsal, Spain - Primera Division - Male, Spain, Cordoba Patrimonio, Jaen,
ce0f5766-a640-48c2-9161-a23859481a3d, 10080733, 03/10/2026 11:00:00, 03/10/2026 12:58:54,Infront,Euro204,IGM_INF_DSC_DEFAULT,InFront Streaming,Soccer, Sweden - Swedish Ettan - Mixed, Sweden, Tvaakers IF, Hassleholms IF,
cd2a65d1-2f9a-4543-b171-e3675f2e3198, 10086413, 03/10/2026 11:00:00, 03/10/2026 13:30:00,Stadium Feed,Euro173,FIF_CH04,Stats Perform,Soccer, Burundi - Ligue A - Male, Burundi, Rukinzo, Young Star,
bca7eb92-2554-455a-a945-634998f1a2cc, 10091062, 03/10/2026 11:00:00, 03/10/2026 13:30:00,TVP Sport [183],Euro15,EPOL,Stats Perform,Soccer, Poland - Ekstraliga Women - Female, Poland, Gornik Łeczna, GKS Katowice,
ac669b75-c1cf-4e14-ab5e-d5db03b07697, 10087580, 03/10/2026 11:00:00, 03/10/2026 13:08:34,Infront,Euro252,IGM_INF_DSC_DEFAULT,InFront Streaming,Basketball, Turkey - Turkish Super Lig Women - Mixed, Turkey, CBK Mersin W, Ormanspor W,
a8079333-11cf-4bce-87f6-5d20f927bd3a, 10080731, 03/10/2026 11:00:00, 03/10/2026 12:57:43,Infront,Euro202,IGM_INF_DSC_DEFAULT,InFront Streaming,Soccer, Sweden - Swedish Ettan - Mixed, Sweden, Stockholm Internazionale, Assyriska FF,
7qcEa5uupkujRNh_KbNPqA, 10090474, 03/10/2026 11:00:00, 03/10/2026 18:00:00,Modus,Euro284,IGM_MODUS_CH01,Manually Created,Darts, ADC Championship Tour, World, , ,
7a9b1406-79e6-4e57-8b86-cff3251e9ef7, 10080730, 03/10/2026 11:00:00, 03/10/2026 13:01:23,Infront,Euro201,IGM_INF_DSC_DEFAULT,InFront Streaming,Soccer, Sweden - Swedish Ettan - Mixed, Sweden, Enkopings SK FK, Gefle IF FF,
3af6a068-b979-4dc0-a014-98a7eede058b, 10091226, 03/10/2026 11:00:00, 03/10/2026 17:00:00,316 GOLF -S,Us26,Not Set,Stats Perform,Golf, Scotland - Alfred Dunhill Links Championship - Mixed, Scotland, , ,
3946c72c-dc06-42cf-9426-d746d2ddce5e, 10087581, 03/10/2026 11:00:00, 03/10/2026 13:08:34,Infront,Euro253,IGM_INF_DSC_DEFAULT,InFront Streaming,Basketball, Turkey - Turkish Super Lig Women - Mixed, Turkey, Emlak Konut W, Botas W,
36fa0828-4b4c-4fdf-ae18-e88f91be538c, 10080732, 03/10/2026 11:00:00, 03/10/2026 12:57:43,Infront,Euro203,IGM_INF_DSC_DEFAULT,InFront Streaming,Soccer, Sweden - Swedish Ettan - Mixed, Sweden, Angelholms FF, Rosengard,
, 10091368, 03/10/2026 11:00:00, 03/10/2026 17:00:00,Fox Sports 3 HD [503],Aus3,Not Set,Stats Perform,Golf, Scotland - Alfred Dunhill Links Championship - Mixed, Scotland, , ,
, 10087452, 03/10/2026 11:20:00, 03/10/2026 17:20:00,L Equipe [79/321] SD,Euro18,FRA-1,Legacy,Cycling, European Road Championship, Europe, , ,
f0ef3779-8db3-4e75-ac0f-4c957746343d, 10088754, 03/10/2026 11:30:00, 03/10/2026 14:00:00,Stadium Feed,Euro174,LPD_113,Stats Perform,Soccer, England - League Two - Male, England, Chesterfield, Tranmere Rovers,
c48a4710-280a-463f-96aa-45abd54bb34c, 10091769, 03/10/2026 11:30:00, 03/10/2026 14:00:00,Stadium Feed,Euro175,MPB_CH01,Stats Perform,Soccer, Belgium - Super League - Female, Belgium, Club Brugge, Anderlecht,
ab22064d-8ee3-471e-a996-bb2d1b417a14, 10090686, 03/10/2026 11:30:00, 03/10/2026 14:00:00,Match Premier,Russia1,Not Set,Stats Perform,Soccer, Russia - Superliga Women - Female, Russia, Spartak Moskva, Zenit,
, 10090532, 03/10/2026 11:30:00, 03/10/2026 17:30:00,Eurosport Norway HD,Euro66,SCAND-6 N,,Snooker,  Snooker Shenzhen Open , World, , ,
, 10091638, 03/10/2026 11:45:00, 03/10/2026 17:45:00,ITV1 [103],Euro53,ASTRA-1,Legacy,Horse Racing, ITV Racing, England, , ,switch
, 10090210, 03/10/2026 11:45:00, 03/10/2026 14:15:00,Premier Sports 2 [419],Euro54,ASTRA-2,Stats Perform,Rugby Union, Europe - United Rugby Championship - Male, Europe, 10bet Lions Rugby, Ospreys,
eb675ab0-43e7-4f3b-ab7e-cd95e3ca627a, 10090829, 03/10/2026 12:00:00, 03/10/2026 14:30:00,Stadium Feed,Euro176,OVE_CH03,Stats Perform,Soccer, Spain - Segunda Division - Male, Spain, Albacete, Eibar,
90d42130-1855-4341-a892-7fdade120f5e, 10090577, 03/10/2026 12:00:00, 03/10/2026 14:15:00,Digi Sport 1 [14/12],Euro74,ROM-1,Stats Perform,Handball, Europe - EHF Women's European League - Female, Europe, Ramnicu Valcea, Metzingen,
894945bc-cba3-4273-9f87-edafaa93d51e, 10092176, 03/10/2026 12:00:00, 03/10/2026 14:30:00,No available broadcaster,Euro70,SCAND-10,Stats Perform,Soccer, Norway - 1. Division Women - Female, Norway, Viking FK, Bryne,
83af0caa-ded2-47d0-b473-23b856862923, 10080734, 03/10/2026 12:00:00, 03/10/2026 13:57:23,Infront,Euro205,IGM_INF_DSC_DEFAULT,InFront Streaming,Soccer, World - Dutch Tweede Divisie - Mixed, World, HFC, Quick Boys,
80e10bbf-1a29-4f10-975c-4720099e20f0, 10085677, 03/10/2026 12:00:00, 03/10/2026 14:30:00,Stadium Feed,Euro160,IPL_CH01,Stats Perform,Soccer, Germany - Frauen Bundesliga - Female, Germany, RB Leipzig, Mainz 05,
5c9d27cf-63bf-480c-9563-b9d2036c79cb, 10080342, 03/10/2026 12:00:00, 03/10/2026 14:23:35,Infront,Euro209,IGM_INF_DSC_DEFAULT,InFront Streaming,Basketball, Turkey - Turkish Basketball Lig - Mixed, Turkey, Ankara Kolejliler, Balikesir,
, 10088037, 03/10/2026 12:00:00, 03/10/2026 18:00:00,Eurosport 1 Norway (68),Euro62,SCAND-2 N,Legacy,Cycling, Giro dell'Emilia, Italy, , ,
, 10092453, 03/10/2026 12:00:00, 03/10/2026 18:00:00,Fox Sports 6 HD [506],Aus4,Not Set,Legacy,Motorsports, British Superbike Championship, United Kingdom, , ,
, 10081761, 03/10/2026 12:00:00, 04/10/2026 02:00:00,Stadium Feed,Euro124,CRO_CH21,,Tennis, WTA Adana, Turkey, , ,
f29d66eb-1fc3-4878-acb6-d9c86577295c, 10080735, 03/10/2026 12:30:00, 03/10/2026 14:33:04,Infront,Euro206,IGM_INF_DSC_DEFAULT,InFront Streaming,Soccer, World - Dutch Tweede Divisie - Mixed, World, Hardenberg, Ijsselmeervogels,
f0f2d1ba-b97d-46cc-80ff-d032c9e5c5a3, 10080743, 03/10/2026 12:30:00, 03/10/2026 14:24:44,Infront,Euro214,IGM_INF_DSC_DEFAULT,InFront Streaming,Soccer, World - Italian Serie C - Mixed, World, Sorrento, Casarano,
ee85d87d-f431-4fa9-b063-4815ee7327a7, 10080737, 03/10/2026 12:30:00, 03/10/2026 14:25:54,Infront,Euro208,IGM_INF_DSC_DEFAULT,InFront Streaming,Soccer, World - Dutch Tweede Divisie - Mixed, World, Rijnsburgse Boys, Kloetinge,
ca138543-d55f-4dad-abfc-86a0a15dce12, 10080739, 03/10/2026 12:30:00, 03/10/2026 14:33:04,Infront,Euro210,IGM_INF_DSC_DEFAULT,InFront Streaming,Soccer, World - Italian Serie C - Mixed, World, Cittadella, AlbinoLeffe,
9f7d66cb-0076-40d9-8f3f-9307ae1a8b02, 10080742, 03/10/2026 12:30:00, 03/10/2026 14:28:17,Infront,Euro213,IGM_INF_DSC_DEFAULT,InFront Streaming,Soccer, World - Italian Serie C - Mixed, World, Cavese, Casertana,
8ac51785-f7fd-4490-af94-ac19ec14f18f, 10080738, 03/10/2026 12:30:00, 03/10/2026 14:30:44,Infront,Euro209,IGM_INF_DSC_DEFAULT,InFront Streaming,Soccer, World - Dutch Tweede Divisie - Mixed, World, RKAV Volendam, Jong Almere City,
769b46dc-8ab1-4dfe-a204-cc7856e15486, 10080336, 03/10/2026 12:30:00, 03/10/2026 14:24:44,Infront,Euro203,IGM_INF_DSC_DEFAULT,InFront Streaming,Basketball, Turkey - Turkish Super Lig - Mixed, Turkey, Bursaspor, Turk Telekom,
6dbce336-bb9d-42c2-a1d0-a860c3ca3f23, 10080741, 03/10/2026 12:30:00, 03/10/2026 14:28:17,Infront,Euro212,IGM_INF_DSC_DEFAULT,InFront Streaming,Soccer, World - Italian Serie C - Mixed, World, Vado, Forli,
59b76eb8-a330-47fe-9f4a-aab3da7917f8, 10080740, 03/10/2026 12:30:00, 03/10/2026 14:27:04,Infront,Euro211,IGM_INF_DSC_DEFAULT,InFront Streaming,Soccer, World - Italian Serie C - Mixed, World, Gubbio, Perugia,
4df10133-c66d-4f46-8d92-be80873af1a8, 10087456, 03/10/2026 12:30:00, 03/10/2026 15:00:00,Canal  France [4] HD,Euro20,FRA-3,Stats Perform,Rugby Union, France - Top 14 - Male, France, Bordeaux Begles, Lyon,
39b3a88c-ef81-4237-8996-50000cd0228d, 10081208, 03/10/2026 12:30:00, 03/10/2026 15:00:00,Stadium Feed,Euro177,AUR_CH01,Stats Perform,Soccer, England - Women's Super League - Female, England, Manchester United, Liverpool,
141716b1-f989-4d5c-bb86-954149707ba3, 10080736, 03/10/2026 12:30:00, 03/10/2026 14:29:28,Infront,Euro207,IGM_INF_DSC_DEFAULT,InFront Streaming,Soccer, World - Dutch Tweede Divisie - Mixed, World, Hoek, De Treffers,
, 10093123, 03/10/2026 12:30:00, 03/10/2026 15:00:00,BBC Scotland [187],Euro56,ASTRA-4,Stats Perform,Soccer, England - Women's Super League - Female, England, Manchester United, Liverpool,
, 10092540, 03/10/2026 12:30:00, 03/10/2026 15:00:00,Radio 5 Live SX,Euro43,R5LX,Stats Perform,Soccer, England - Women's Super League - Female, England, Manchester United, Liverpool,
96d16d88-1299-4c00-a08e-dc63771ec11a, 10090584, 03/10/2026 12:31:00, 03/10/2026 18:31:00,Sky Sport F1 [207],Euro6,Sky-IT3,Stats Perform,Motorsports, World - FIA World Rally Championship - Mixed, World, , ,
f32f585e-b8d9-4262-8744-410ea87c850a, 10080723, 03/10/2026 13:00:00, 03/10/2026 14:30:44,Infront,Euro220,IGM_INF_DSC_DEFAULT,InFront Streaming,Handball, World - Polish Superliga - Mixed, World, Wisla Plock, Slask Wroclaw,
ead773e6-571d-40d9-8e47-8b91f94203dc, 10085633, 03/10/2026 13:00:00, 03/10/2026 15:30:00,TV2 Sport X DK [108],Euro71,SCAND-11,Stats Perform,Soccer, Denmark - Kvindeliga - Female, Denmark, København, Brøndby,
e791332c-7ae5-4e9e-bb78-cadbcc000da6, 10088674, 03/10/2026 13:00:00, 03/10/2026 15:30:00,Sport TV 2 [22],Euro84,MEO 2,Stats Perform,Soccer, Europe - UEFA Nations League - Male, Europe, Finland, Albania,
e06c78f4-1f6d-434c-86de-fdc21b2bb4f9, 10080745, 03/10/2026 13:00:00, 03/10/2026 14:54:29,Infront,Euro216,IGM_INF_DSC_DEFAULT,InFront Streaming,Soccer, World - Slovakian 2. Liga - Mixed, World, FK Inter Bratislava, Z. Moravce-Vrable,
de9e28cf-39a9-4f2c-8046-fb832a7c362d, 10087582, 03/10/2026 13:00:00, 03/10/2026 14:54:29,Infront,Euro283,IGM_INF_DSC_DEFAULT,InFront Streaming,Basketball, Turkey - Turkish Super Lig Women - Mixed, Turkey, Nesible Aydin W, Fenerbahce W,
cc81b0e5-60b8-41db-b9ad-ca4458ef11e0, 10091040, 03/10/2026 13:00:00, 03/10/2026 15:30:00,Polsat Sport [119],Euro16,POL-1,Stats Perform,Volleyball, Poland - Polska Liga (W) - Female, Poland, Pałac Bydgoszcz, Bielsko-Biała,
c69272e0-82b8-4df3-a2a0-294ebb53162d, 10091236, 03/10/2026 13:00:00, 03/10/2026 15:30:00,JSports2 [604],Jpn2,Not Set,Stats Perform,Rugby Union, World - Rugby Union Women's Internationals - Female, World, Ireland, Japan,
b5524929-6ae9-4535-9458-649cec7af219, 10080744, 03/10/2026 13:00:00, 03/10/2026 14:53:18,Infront,Euro215,IGM_INF_DSC_DEFAULT,InFront Streaming,Soccer, World - Slovakian 2. Liga - Mixed, World, MFK Zvolen, Slovan Bratislava B,
b4ff64b6-3ea1-4f0e-9389-7bf7915b0511, 10080771, 03/10/2026 13:00:00, 03/10/2026 14:56:54,Infront,Euro242,IGM_INF_DSC_DEFAULT,InFront Streaming,Soccer, World - Dutch Tweede Divisie - Mixed, World, Raalte, GVVV,
b42190aa-3845-4a44-aa56-a3774eec9021, 10080748, 03/10/2026 13:00:00, 03/10/2026 14:53:18,Infront,Euro219,IGM_INF_DSC_DEFAULT,InFront Streaming,Soccer, World - Slovakian 2. Liga - Mixed, World, MFK Bytca, Zilina B,
99c5c09f-43ef-4b4c-98ee-b2b94a3de6df, 10080766, 03/10/2026 13:00:00, 03/10/2026 14:56:54,Infront,Euro237,IGM_INF_DSC_DEFAULT,InFront Streaming,Soccer, World - Italian Serie A Women - Mixed, World, Fiorentina W, Sassuolo W,
8e53f328-3e0b-4dab-9f05-d2d81811380d, 10080772, 03/10/2026 13:00:00, 03/10/2026 14:55:43,Infront,Euro243,IGM_INF_DSC_DEFAULT,InFront Streaming,Soccer, World - Dutch Tweede Divisie - Mixed, World, Spakenburg, AFC,
693d3f2d-93c4-4d55-96d2-73338d8cf2f6, 10086407, 03/10/2026 13:00:00, 03/10/2026 15:30:00,Stadium Feed,Euro178,FIF_CH01,Stats Perform,Soccer, Burundi - Ligue A - Male, Burundi, Aigle Noir, Ngozi City,
6074a2d7-d6de-4861-aeeb-cfcf8bd9b865, 10080746, 03/10/2026 13:00:00, 03/10/2026 14:53:18,Infront,Euro217,IGM_INF_DSC_DEFAULT,InFront Streaming,Soccer, World - Slovakian 2. Liga - Mixed, World, FK Humenne, Pohronie,
5d8bfe24-f3c0-43e1-b8d7-ba19a385a83e, 10080770, 03/10/2026 13:00:00, 03/10/2026 15:30:00,Infront,Euro241,IGM_INF_DSC_DEFAULT,InFront Streaming,Soccer, World - Dutch Tweede Divisie - Mixed, World, Katwijk, Kozakken Boys,
480d121d-040c-4317-9295-ef416a343d5b, 10071678, 03/10/2026 13:00:00, 03/10/2026 15:30:00,Stadium Feed,Euro126,FIF_CH03,Stats Perform,Soccer, Burundi - Ligue A - Male, Burundi, Never Give Up, Musongati,
30b6d0a0-9503-4f0f-b349-4a54132041e5, 10080789, 03/10/2026 13:00:00, 03/10/2026 15:30:00,Infront,Euro256,IGM_INF_DSC_DEFAULT,InFront Streaming,Soccer, Sweden - Swedish Ettan - Mixed, Sweden, FBK Karlstad, Athletic Eskilstuna,
1ed09aaa-bce8-4af6-b42c-7d96a9c9faf5, 10080747, 03/10/2026 13:00:00, 03/10/2026 14:53:18,Infront,Euro218,IGM_INF_DSC_DEFAULT,InFront Streaming,Soccer, World - Slovakian 2. Liga - Mixed, World, FC Slovan Galanta, Povazska Bystrica,
18f676ae-e524-4ee0-841d-c61acb012eb3, 10080769, 03/10/2026 13:00:00, 03/10/2026 14:56:54,Infront,Euro240,IGM_INF_DSC_DEFAULT,InFront Streaming,Soccer, World - Dutch Tweede Divisie - Mixed, World, Barendrecht, Jong Sparta Rotterdam,
, 10090639, 03/10/2026 13:00:00, 03/10/2026 16:00:00,ORF Sports [755],Euro27,GER-3,Legacy,Table Tennis, Austrian League, Austria, Wr. Neudorf, Baden,
, 10089657, 03/10/2026 13:00:00, 03/10/2026 15:30:00,Super Sport Premier League [203],Sa3,Not Set,Stats Perform,Soccer, Europe - UEFA Nations League - Male, Europe, Finland, Albania,switch
f5221dd8-ce90-40c4-a895-ea3b2d5bc628, 10080775, 03/10/2026 13:15:00, 03/10/2026 16:15:00,Infront,Euro246,IGM_INF_DSC_DEFAULT,InFront Streaming,Ice Hockey, Sweden - Swedish Hockey League - Mixed, Sweden, Vaxjo Lakers HC, Rogle BK,
dc20d132-f840-4c2f-a581-ed707e685be7, 10080774, 03/10/2026 13:15:00, 03/10/2026 16:15:00,Infront,Euro245,IGM_INF_DSC_DEFAULT,InFront Streaming,Ice Hockey, Sweden - Swedish Hockey League - Mixed, Sweden, Timra IK, Skelleftea AIK,
b83ec3da-f352-424b-b569-5ea1fd3317f2, 10080779, 03/10/2026 13:15:00, 03/10/2026 16:15:00,Infront,Euro250,IGM_INF_DSC_DEFAULT,InFront Streaming,Ice Hockey, Sweden - Swedish Hockey League - Mixed, Sweden, Vaxjo Lakers HC, Rogle BK,
b6493bf0-c126-4194-9f20-03c3fe47e5b7, 10091061, 03/10/2026 13:15:00, 03/10/2026 15:45:00,TVP Sport [183],Euro15,EPOL,score24,Soccer, Poland - 2.division - Male, Poland, Hutnik Krakow, GKS Tychy,
a708b026-8fce-4446-b1d2-1840e305cda3, 10080773, 03/10/2026 13:15:00, 03/10/2026 16:15:00,Infront,Euro244,IGM_INF_DSC_DEFAULT,InFront Streaming,Ice Hockey, Sweden - Swedish Hockey League - Mixed, Sweden, IF Malmo Redhawks, Brynas IF,
9bbe8a80-290a-49df-83a0-2b7234def353, 10080780, 03/10/2026 13:15:00, 03/10/2026 16:15:00,Infront,Euro251,IGM_INF_DSC_DEFAULT,InFront Streaming,Ice Hockey, Sweden - Swedish Hockey League - Mixed, Sweden, Frolunda HC, Djurgardens IF,
8c59dfd6-708c-41ff-9044-d892a83454ca, 10080777, 03/10/2026 13:15:00, 03/10/2026 16:15:00,Infront,Euro248,IGM_INF_DSC_DEFAULT,InFront Streaming,Ice Hockey, Sweden - Swedish Hockey League - Mixed, Sweden, IF Malmo Redhawks, Brynas IF,
6f831e95-d5fc-41c0-a0ca-e98c4cc854f0, 10080778, 03/10/2026 13:15:00, 03/10/2026 16:15:00,Infront,Euro249,IGM_INF_DSC_DEFAULT,InFront Streaming,Ice Hockey, Sweden - Swedish Hockey League - Mixed, Sweden, Timra IK, Skelleftea AIK,
39d3ce05-041c-42b6-8a54-1d6bd26da664, 10080776, 03/10/2026 13:15:00, 03/10/2026 16:15:00,Infront,Euro247,IGM_INF_DSC_DEFAULT,InFront Streaming,Ice Hockey, Sweden - Swedish Hockey League - Mixed, Sweden, Frolunda HC, Djurgardens IF,
ddff4f39-ba08-456e-9927-5d93c761a710, 10088912, 03/10/2026 13:30:00, 03/10/2026 16:30:00,Stadium Feed,Euro152,XVI_CH03,Stats Perform,Ice Hockey, Europe - Baltic Championship - Male, Europe, Punks Vilnius, Mogo,
86ebd782-9118-40fd-ba99-75a922548044, 10090630, 03/10/2026 13:30:00, 03/10/2026 16:00:00,Sport News Germany [200] HD,Euro25,GER-1,Stats Perform,Soccer, World - Club Friendlies - Male, World, St. Pauli, Borussia M'gladbach,
5828e91a-f0c5-4cb7-93ae-701db31caeb2, 10080757, 03/10/2026 13:30:00, 03/10/2026 16:30:00,Infront,Euro228,IGM_INF_DSC_DEFAULT,InFront Streaming,Ice Hockey, World - Czech 2. Liga - Mixed, World, Decin, Milevsko,
16e17273-0be3-4e1a-bf41-187c330bc416, 10080349, 03/10/2026 13:30:00, 03/10/2026 16:00:00,Infront,Euro216,IGM_INF_DSC_DEFAULT,InFront Streaming,Basketball, Turkey - Turkish Basketball Lig - Mixed, Turkey, MKE Ankaragucu, OGM Ormanspor,
0bf2e4d8-6f32-46d3-a16f-fe5173826090, 10080344, 03/10/2026 13:30:00, 03/10/2026 16:00:00,Infront,Euro211,IGM_INF_DSC_DEFAULT,InFront Streaming,Basketball, Turkey - Turkish Basketball Lig - Mixed, Turkey, Fenerbahce 2, CO Basket,
3c7dfa7f-f617-42af-bf61-8f552a18fce8, 10071677, 03/10/2026 13:45:00, 03/10/2026 16:15:00,Stadium Feed,Euro179,FIF_CH02,Stats Perform,Soccer, Burundi - Ligue A - Male, Burundi, Muzinga, Olympic Star,
f767467a-d641-4d09-8780-7897467e88f7, 10086339, 03/10/2026 14:00:00, 03/10/2026 16:15:00,Stadium Feed,Euro180,SAT_CH33,Stats Perform,Handball, Europe - EHF Women's Champions League - Female, Europe, Ferencvarosi, CSM Bucuresti,
f4115fbf-35ae-4e0d-a5ed-b13a9d7d9019, 10091607, 03/10/2026 14:00:00, 03/10/2026 16:30:00,MediaPro,Euro232,IGM_MEDIAPRO_CH01,Stats Perform,Soccer, Uruguay - Liga AUF - Male, Uruguay, Liverpool, Progreso,
e7959a25-15d3-4c16-9dd1-7e56ffefa71c, 10086634, 03/10/2026 14:00:00, 03/10/2026 17:00:00,Infront,Euro279,IGM_INF_DSC_DEFAULT,InFront Streaming,Ice Hockey, Sweden - Swedish Hockeyettan - Mixed, Sweden, Vita Hasten, Tyringe,
e6e60fb6-98dc-4636-9932-11ca2cfad6f8, 10080790, 03/10/2026 14:00:00, 03/10/2026 16:30:00,Infront,Euro257,IGM_INF_DSC_DEFAULT,InFront Streaming,Soccer, Sweden - Swedish Ettan - Mixed, Sweden, Pitea IF FF, IF Karlstad Fotboll,
df1ab912-faf0-4e51-91ae-d50c41cf4ef8, 10088743, 03/10/2026 14:00:00, 03/10/2026 16:30:00,Game Postponed,Euro1,Not Set,Stats Perform,Soccer, England - League One - Male, England, AFC Wimbledon, Stevenage,
daa90e93-78dd-4518-a936-33332218416f, 10089166, 03/10/2026 14:00:00, 03/10/2026 16:30:00,Game Postponed,Euro1,Not Set,Stats Perform,Soccer, England - League One - Male, England, Wigan Athletic, Mansfield Town,
d5e27020-9003-4266-a375-e572c33836c4, 10080782, 03/10/2026 14:00:00, 03/10/2026 17:00:00,Infront,Euro202,IGM_INF_DSC_DEFAULT,InFront Streaming,Ice Hockey, Finland - Finnish Liiga - Mixed, Finland, Jukurit, KalPa,
d35e8f48-b01b-4b9d-ba36-fab7298665d6, 10080792, 03/10/2026 14:00:00, 03/10/2026 16:30:00,Infront,Euro259,IGM_INF_DSC_DEFAULT,InFront Streaming,Soccer, Sweden - Swedish Ettan - Mixed, Sweden, Atvidabergs FF, Trollhattan,
cd06a5fc-90f1-4513-9b0e-9a0dfde6add3, 10080801, 03/10/2026 14:00:00, 03/10/2026 17:00:00,Infront,Euro268,IGM_INF_DSC_DEFAULT,InFront Streaming,Ice Hockey, Finland - Finnish Liiga - Mixed, Finland, Lukko, Assat,
cc4b3fea-a844-4585-988e-b8ff8dac3d1d, 10090533, 03/10/2026 14:00:00, 03/10/2026 16:30:00,TV2 Sport 1 Nor [17],Euro70,SCAND-10,Stats Perform,Soccer, Norway - 1. Division - Male, Norway, Haugesund, Stabæk,switch
cc14d90c-966a-411c-a53c-7fbadbd76c12, 10086633, 03/10/2026 14:00:00, 03/10/2026 17:00:00,Infront,Euro278,IGM_INF_DSC_DEFAULT,InFront Streaming,Ice Hockey, Sweden - Swedish Hockeyettan - Mixed, Sweden, Enkoping, Pitea,
c20ddacb-f732-4e01-90f5-d0dcda036684, 10080795, 03/10/2026 14:00:00, 03/10/2026 16:30:00,Infront,Euro262,IGM_INF_DSC_DEFAULT,InFront Streaming,Soccer, World - English National League - Mixed, World, Gateshead, Worthing,
bff281b4-3699-4723-ab67-f37b08457775, 10088753, 03/10/2026 14:00:00, 03/10/2026 16:30:00,Stadium Feed,Euro181,LPD_105,Stats Perform,Soccer, England - League Two - Male, England, Grimsby Town, Shrewsbury Town,
b720dad7-50ab-4f7e-ac3e-a72699a1669c, 10086631, 03/10/2026 14:00:00, 03/10/2026 17:00:00,Infront,Euro276,IGM_INF_DSC_DEFAULT,InFront Streaming,Ice Hockey, Sweden - Swedish Hockeyettan - Mixed, Sweden, Sollentuna, Boden,
ada2b907-d994-40d9-b88e-f65dfc0fe025, 10080794, 03/10/2026 14:00:00, 03/10/2026 16:30:00,Infront,Euro261,IGM_INF_DSC_DEFAULT,InFront Streaming,Soccer, Sweden - Swedish Ettan - Mixed, Sweden, Skovde AIK, Utsikten,
a87d9c5e-f23f-4666-a5cd-2d14608af0fa, 10080802, 03/10/2026 14:00:00, 03/10/2026 17:00:00,Infront,Euro269,IGM_INF_DSC_DEFAULT,InFront Streaming,Ice Hockey, Finland - Finnish Mestis - Mixed, Finland, Pyry, Kettera,
a68df078-eb71-411b-938d-dacc7f13a3ad, 10080799, 03/10/2026 14:00:00, 03/10/2026 17:00:00,Infront,Euro266,IGM_INF_DSC_DEFAULT,InFront Streaming,Ice Hockey, World - Kontinental Hockey League - Mixed, World, SKA, Admiral,
a5e8408f-4626-43d6-ae9b-8c4ebdd7d3ee, 10085650, 03/10/2026 14:00:00, 03/10/2026 16:15:00,TV2 Denmark [3],Euro72,DEN-1,Stats Perform,Handball, Denmark - Ligaen - Male, Denmark, GOG, Aalborg,
a381e564-ce0d-420f-b706-b0a5dcb0ce1f, 10086336, 03/10/2026 14:00:00, 03/10/2026 16:15:00,Stadium Feed,Euro157,SAT_CH49,Stats Perform,Handball, Europe - EHF Women's Champions League - Female, Europe, Blomberg Lippe, Podravka,
9cc5c1c1-3ad7-4ca6-b9ff-c2106c6cafce, 10086635, 03/10/2026 14:00:00, 03/10/2026 17:00:00,Infront,Euro280,IGM_INF_DSC_DEFAULT,InFront Streaming,Ice Hockey, Sweden - Swedish Hockeyettan - Mixed, Sweden, Morrums GoIS, Hanvikens,
9c8a7e69-99de-4d03-8f18-cddd76d517d8, 10088748, 03/10/2026 14:00:00, 03/10/2026 16:30:00,Game Postponed,Euro1,Not Set,Stats Perform,Soccer, England - League One - Male, England, Blackpool, Leicester City,
96e7a404-d440-4e31-941e-a0fd91536bd7, 10089437, 03/10/2026 14:00:00, 03/10/2026 16:30:00,Stadium Feed,Euro183,PIX_CH04,Stats Perform,Soccer, Scotland - Championship - Male, Scotland, Greenock Morton, Raith Rovers,
96390dfc-833c-4124-87e8-da50451bd430, 10086632, 03/10/2026 14:00:00, 03/10/2026 17:00:00,Infront,Euro277,IGM_INF_DSC_DEFAULT,InFront Streaming,Ice Hockey, Sweden - Swedish Hockeyettan - Mixed, Sweden, Kiruna IF, Borlange,
8f41cfd5-d119-47ef-b3da-585901232861, 10086630, 03/10/2026 14:00:00, 03/10/2026 17:00:00,Infront,Euro275,IGM_INF_DSC_DEFAULT,InFront Streaming,Ice Hockey, Sweden - Swedish Hockeyettan - Mixed, Sweden, Jarfalla, Ornskoldsvik,
8cb399e3-5d31-472e-b0bb-5029778df075, 10091237, 03/10/2026 14:00:00, 03/10/2026 16:30:00,Sport 5 - [55],Israel9,Not Set,Stats Perform,Soccer, World - Friendlies - Male, World, India, Brazil,
825b399e-862b-40a3-ae39-2088a5ccfda5, 10085678, 03/10/2026 14:00:00, 03/10/2026 16:30:00,Stadium Feed,Euro184,IPL_CH02,Stats Perform,Soccer, Germany - Frauen Bundesliga - Female, Germany, Koln, Freiburg,
81eaf167-ae53-4551-b1b7-7d56e72d571b, 10092861, 03/10/2026 14:00:00, 03/10/2026 16:30:00,Infront,Euro234,IGM_INF_DSC_DEFAULT,InFront Streaming,Basketball, World - Serbian Kosarkaska liga - Mixed, World, Nis Maxbet, Hercegovac Aling Conel,
7fb2fdcd-1e4d-465d-82f9-5be1585bd28d, 10080798, 03/10/2026 14:00:00, 03/10/2026 17:00:00,Infront,Euro265,IGM_INF_DSC_DEFAULT,InFront Streaming,Ice Hockey, World - Kontinental Hockey League - Mixed, World, Severstal, Shanghai Dragons,
767de105-59a0-4def-b812-234e34d5afb9, 10080791, 03/10/2026 14:00:00, 03/10/2026 16:30:00,Infront,Euro258,IGM_INF_DSC_DEFAULT,InFront Streaming,Soccer, Sweden - Swedish Ettan - Mixed, Sweden, IFK Stocksund, FC Jarfalla,
747ee0bd-5773-4785-8df3-26e5e9b2594e, 10088752, 03/10/2026 14:00:00, 03/10/2026 16:30:00,Game Postponed,Euro1,Not Set,Stats Perform,Soccer, England - League Two - Male, England, Walsall, Crawley Town,
6b7fd012-dd98-4497-aefe-4f831bfdc80e, 10080787, 03/10/2026 14:00:00, 03/10/2026 17:00:00,Infront,Euro254,IGM_INF_DSC_DEFAULT,InFront Streaming,Ice Hockey, Finland - Finnish Mestis - Mixed, Finland, RoKi, JoKP,
6336fc54-7bac-4231-abe0-27657749b9a3, 10092174, 03/10/2026 14:00:00, 03/10/2026 16:30:00,Digi Sport 4 [19/15],Euro77,ROM-4,Stats Perform,Basketball, Romania - Liga Nationala - Male, Romania, Rapid Bucuresti, Dinamo Bucuresti,
5dc4b46e-1b38-43aa-817e-77030d413f55, 10080800, 03/10/2026 14:00:00, 03/10/2026 17:00:00,Infront,Euro267,IGM_INF_DSC_DEFAULT,InFront Streaming,Ice Hockey, Finland - Finnish Liiga - Mixed, Finland, HPK, Karpat,
5b3271a0-5aa5-40cc-8eb0-60fafd1f78d6, 10087540, 03/10/2026 14:00:00, 03/10/2026 16:30:00,Infront,Euro282,IGM_INF_DSC_DEFAULT,InFront Streaming,Soccer, Brazil - Brazilian Serie B - Mixed, Brazil, Avai, Ceara,
599c873f-93d5-4526-909e-7ac851a87131, 10080786, 03/10/2026 14:00:00, 03/10/2026 17:00:00,Infront,Euro253,IGM_INF_DSC_DEFAULT,InFront Streaming,Ice Hockey, Finland - Finnish Liiga - Mixed, Finland, TPS, JYP,
4dd7c0ed-e188-4750-b2d6-e402b1039657, 10092629, 03/10/2026 14:00:00, 03/10/2026 16:30:00,Match Premier,Russia1,Not Set,Stats Perform,Soccer, Russia - Superliga Women - Female, Russia, Chertanovo, Ryazan,
47195686-66c6-407b-81d9-fb28f347ef63, 10080762, 03/10/2026 14:00:00, 03/10/2026 17:00:00,Infront,Euro233,IGM_INF_DSC_DEFAULT,InFront Streaming,Ice Hockey, World - Czech 2. Liga - Mixed, World, Usti, Zdar nad Sazavou,
46910503-6967-4ba3-8873-c3372b31cd83, 10089433, 03/10/2026 14:00:00, 03/10/2026 16:30:00,Stadium Feed,Euro185,PIX_CH06,Stats Perform,Soccer, Scotland - Championship - Male, Scotland, Livingston, Ayr United,
42336060-97d3-4d8f-9954-6715e0c0fa52, 10080785, 03/10/2026 14:00:00, 03/10/2026 17:00:00,Infront,Euro252,IGM_INF_DSC_DEFAULT,InFront Streaming,Ice Hockey, Finland - Finnish Liiga - Mixed, Finland, Sport, HIFK,
3ead89a2-1245-4847-9b8a-1e27f8148f71, 10080783, 03/10/2026 14:00:00, 03/10/2026 17:00:00,Infront,Euro203,IGM_INF_DSC_DEFAULT,InFront Streaming,Ice Hockey, Finland - Finnish Liiga - Mixed, Finland, KooKoo, Pelicans,
38d2604c-7c50-497e-a918-5c4cf6c49181, 10080796, 03/10/2026 14:00:00, 03/10/2026 17:00:00,Infront,Euro263,IGM_INF_DSC_DEFAULT,InFront Streaming,Ice Hockey, World - Kontinental Hockey League - Mixed, World, CSKA, Dynamo Msk,
38930e7d-567e-4fe1-b4ef-765dd6a8f079, 10088750, 03/10/2026 14:00:00, 03/10/2026 16:30:00,Stadium Feed,Euro186,LPD_109,Stats Perform,Soccer, England - League Two - Male, England, Exeter City, Rotherham United,
2e05cb49-b802-4f3c-876a-b25b0616b8a6, 10089918, 03/10/2026 14:00:00, 03/10/2026 16:30:00,Stadium Feed,Euro187,LPD_108,Stats Perform,Soccer, England - EFL Trophy - Male, England, Colchester United, Luton Town,
2d491eff-3eef-480f-9da4-a8f70b8f3a36, 10090915, 03/10/2026 14:00:00, 03/10/2026 16:30:00,Stadium Feed,Euro161,OVE_CH06,Stats Perform,Soccer, Spain - Primera Division Femenina - Female, Spain, Deportivo de A Coruna, Atletico Madrid,
2d353c08-d8f1-41c4-9bf8-19324fa65cef, 10080784, 03/10/2026 14:00:00, 03/10/2026 17:00:00,Infront,Euro204,IGM_INF_DSC_DEFAULT,InFront Streaming,Ice Hockey, Finland - Finnish Liiga - Mixed, Finland, SaiPa, Jokerit,
268f1b51-b345-4a3a-8bd2-1b8e697c0dfa, 10080793, 03/10/2026 14:00:00, 03/10/2026 16:30:00,Infront,Euro260,IGM_INF_DSC_DEFAULT,InFront Streaming,Soccer, Sweden - Swedish Ettan - Mixed, Sweden, Jonkopings Sodra IF, Eskilsminne IF,
22d87897-a7b9-45cb-8b24-722727dcb8da, 10080788, 03/10/2026 14:00:00, 03/10/2026 17:00:00,Infront,Euro255,IGM_INF_DSC_DEFAULT,InFront Streaming,Ice Hockey, Finland - Finnish Mestis - Mixed, Finland, Hermes, K-Vantaa,
1c6839fc-74cf-438c-8509-15da9f2f4bee, 10080345, 03/10/2026 14:00:00, 03/10/2026 16:30:00,Infront,Euro212,IGM_INF_DSC_DEFAULT,InFront Streaming,Basketball, Turkey - Turkish Basketball Lig - Mixed, Turkey, Gaziantep, Harem Spor,
127fa902-7f99-482c-9f4d-a8998c4b23eb, 10089426, 03/10/2026 14:00:00, 03/10/2026 16:30:00,Stadium Feed,Euro188,PIX_CH07,Stats Perform,Soccer, Scotland - Championship - Male, Scotland, Partick Thistle, Arbroath,
01d649de-87cd-46b1-8e78-7de54d715809, 10080781, 03/10/2026 14:00:00, 03/10/2026 17:00:00,Infront,Euro201,IGM_INF_DSC_DEFAULT,InFront Streaming,Ice Hockey, Finland - Finnish Liiga - Mixed, Finland, Ilves, K-Espoo,
, 10090369, 03/10/2026 14:00:00, 04/10/2026 07:00:00,WFAN Sports Radio [101.9],Us28,Not Set,Legacy,Special, News & Live Sport, United States, , ,
, 10090374, 03/10/2026 14:00:00, 04/10/2026 07:00:00,Fox Sports Radio New Jersey [95.9],Us29,Not Set,Legacy,Special, News & Live Sport, United States, , ,
, 10090211, 03/10/2026 14:00:00, 03/10/2026 16:30:00,Premier Sports 2 [419],Euro54,ASTRA-2,Stats Perform,Rugby Union, Europe - United Rugby Championship - Male, Europe, Dragons, Scarlets,
, 10092534, 03/10/2026 14:00:00, 03/10/2026 16:30:00,Canal 11 [11],Euro83,MEO 1,Stats Perform,Soccer, Europe - UEFA U17 Championship Qualification - Male, Europe, Portugal, Qatar,
, 10090280, 03/10/2026 14:05:00, 03/10/2026 16:35:00,TNT Sport 1 [410],Euro55,ASTRA-3,Stats Perform,Rugby Union, England - Prem - Male, England, Bristol Bears, Northampton Saints,
a16927fc-0432-4fee-83aa-af8eba641244, 10080803, 03/10/2026 14:10:00, 03/10/2026 17:10:00,Infront,Euro270,IGM_INF_DSC_DEFAULT,InFront Streaming,Ice Hockey, World - Kontinental Hockey League - Mixed, World, Dinamo Mn, Lokomotiv,
71bf88a2-8781-487b-a4bb-9c80bb068c48, 10090826, 03/10/2026 14:15:00, 03/10/2026 16:45:00,Stadium Feed,Euro189,OVE_CH04,Stats Perform,Soccer, Spain - Segunda Division - Male, Spain, Almeria, Burgos,
e88a558b-0d84-48a3-afc1-ff6a81b2cbee, 10084743, 03/10/2026 14:30:00, 03/10/2026 17:00:00,Stadium Feed,Euro190,STH_CH11,Stats Perform,Soccer, Netherlands - Eerste Divisie - Male, Netherlands, TOP Oss, MVV,
9bb22959-7cd5-4bd3-b4c0-86b0294742ea, 10080804, 03/10/2026 14:30:00, 03/10/2026 17:00:00,Infront,Euro205,IGM_INF_DSC_DEFAULT,InFront Streaming,Soccer, World - Dutch Eerste Divisie - Mixed, World, Oss, Maastricht,
5d33b75c-d21f-4d1b-aa86-935c4ac66f86, 10084730, 03/10/2026 14:30:00, 03/10/2026 17:00:00,Stadium Feed,Euro150,STH_Ch10,Stats Perform,Soccer, Netherlands - Eerste Divisie - Male, Netherlands, Vitesse, NAC Breda,
4d5a9a2c-4849-4444-82b4-249240a76d43, 10080805, 03/10/2026 14:30:00, 03/10/2026 17:00:00,Infront,Euro271,IGM_INF_DSC_DEFAULT,InFront Streaming,Soccer, World - Dutch Eerste Divisie - Mixed, World, Vitesse, NAC Breda,
28121594-008f-4523-a16b-ed3b21c4317a, 10080806, 03/10/2026 14:30:00, 03/10/2026 17:00:00,Infront,Euro272,IGM_INF_DSC_DEFAULT,InFront Streaming,Basketball, Germany - German Basketball Bundesliga - Mixed, Germany, Hamburg, Rostock,
, 10091085, 03/10/2026 14:30:00, 03/10/2026 16:30:00,Canal Sport 5 - [175] poland,Euro11,CYFRA-2,Legacy,Speedway, Metalkas 2. Ekstraliga, Poland, Polonia Piła, Moonfin Magnus Ostrów Wlkp.,
bc7b9507-2af5-4682-ace4-afa1db817956, 10090156, 03/10/2026 14:35:00, 03/10/2026 17:05:00,Canal Plus Live 1 [231],Euro20,FRA-3,Stats Perform,Rugby Union, France - Top 14 - Male, France, Racing 92, Perpignan,switch
a3447a3c-d708-4f7b-adf6-5c35e7d4621a, 10090158, 03/10/2026 14:35:00, 03/10/2026 17:05:00,Canal Plus Live 3 [233],Euro21,FRA-4,Stats Perform,Rugby Union, France - Top 14 - Male, France, Stade Rochelais, Clermont,
43973902-3bea-43a3-bf5b-4bed7f1cca07, 10090157, 03/10/2026 14:35:00, 03/10/2026 17:05:00,Canal Plus Live 2 [232],Euro22,FRA-5,Stats Perform,Rugby Union, France - Top 14 - Male, France, Bayonne, Stade Francais,
1ea3f8b1-e34a-4ccf-b3d1-4c743b4177b1, 10092381, 03/10/2026 14:35:00, 03/10/2026 17:05:00,Canal Plus Live 4 [234],Euro19,FRA-2,Stats Perform,Rugby Union, France - Top 14 - Male, France, Vannes, Section Paloise,
f23bea2a-fd74-4414-9c2d-d6600be60d00, 10083017, 03/10/2026 14:45:00, 03/10/2026 17:15:00,Stadium Feed,Euro191,FIB_CH47,Stats Perform,Basketball, Asia - West Asia Super League - Male, Asia, Al Riyadi, Al-Ula,
, 10090504, 03/10/2026 14:55:00, 03/10/2026 17:55:00,SVT 2 [2],Euro64,SCAND-4 S,Legacy,Ice Hockey, Euro Hockey Tour (W), Europe, Finland, Sweden,
fc36e087-db8d-496c-a992-e60cec159159, 10080761, 03/10/2026 15:00:00, 03/10/2026 18:00:00,Infront,Euro232,IGM_INF_DSC_DEFAULT,InFront Streaming,Ice Hockey, World - Czech 2. Liga - Mixed, World, Pisek, Pribram,
efe4973d-1319-412b-a997-aae9b3b317bd, 10080347, 03/10/2026 15:00:00, 03/10/2026 17:30:00,Infront,Euro214,IGM_INF_DSC_DEFAULT,InFront Streaming,Basketball, Turkey - Turkish Basketball Lig - Mixed, Turkey, Kipas Istiklal, Kecioren Baglum,
ef70b623-59ea-4a95-b78c-605134c6c784, 10080750, 03/10/2026 15:00:00, 03/10/2026 18:00:00,Infront,Euro221,IGM_INF_DSC_DEFAULT,InFront Streaming,Ice Hockey, World - Czech 2. Liga - Mixed, World, Opava, SHKM Hodonin,
edd9243e-74ae-4d78-8df1-f8b52615c693, 10081916, 03/10/2026 15:00:00, 03/10/2026 17:30:00,Infront,Euro273,IGM_INF_DSC_DEFAULT,InFront Streaming,Basketball, Latvia - Latvian-Estonian League - Mixed, Latvia, Bigbank/Kalev, BC Parnu,
b40db2e8-1d7f-455c-b3d8-662e5fbdbe3f, 10088911, 03/10/2026 15:00:00, 03/10/2026 18:00:00,Stadium Feed,Euro151,XVI_CH04,Stats Perform,Ice Hockey, Europe - Baltic Championship - Male, Europe, Tallinn Panter, Liepaja,
89b9e576-46e3-4c6e-b06d-e503209496e2, 10080749, 03/10/2026 15:00:00, 03/10/2026 18:00:00,Infront,Euro220,IGM_INF_DSC_DEFAULT,InFront Streaming,Ice Hockey, World - Czech 2. Liga - Mixed, World, Uhersky Brod, Novy Jicin,
77fe37c8-82a5-415d-85c3-5c48b0286dc6, 10089504, 03/10/2026 15:00:00, 03/10/2026 17:30:00,Channel 1 Rus (Первый канал),Russia4,Not Set,Stats Perform,Soccer, World - Friendlies - Male, World, Russia, Namibia,
7783692c-edb6-4915-8879-faeb7a9c712d, 10081917, 03/10/2026 15:00:00, 03/10/2026 17:30:00,Infront,Euro274,IGM_INF_DSC_DEFAULT,InFront Streaming,Basketball, Latvia - Latvian-Estonian League - Mixed, Latvia, Keila KK, Valmiera Glass VIA,
602425a3-0daa-4eda-891d-cef461a4b0ff, 10080339, 03/10/2026 15:00:00, 03/10/2026 17:30:00,Infront,Euro206,IGM_INF_DSC_DEFAULT,InFront Streaming,Basketball, Turkey - Turkish Super Lig - Mixed, Turkey, Esenler Erokspor, Petkim Spor,
465ab4b6-f822-4d36-9b4f-7172597027c6, 10080753, 03/10/2026 15:00:00, 03/10/2026 18:00:00,Infront,Euro224,IGM_INF_DSC_DEFAULT,InFront Streaming,Ice Hockey, World - Czech 2. Liga - Mixed, World, Valasske Mezirici, Jestrabi Prostejov,
38d9b0a1-33a2-48ba-b898-a986e1517f68, 10086636, 03/10/2026 15:00:00, 03/10/2026 18:00:00,Infront,Euro281,IGM_INF_DSC_DEFAULT,InFront Streaming,Ice Hockey, Sweden - Swedish Hockeyettan - Mixed, Sweden, Vallentuna, Asploven,
9e89bfb4-a0af-48b8-b117-a499fd8caa72, 10084696, 03/10/2026 15:05:00, 03/10/2026 17:35:00,MBC Action,Israel12,Not Set,Stats Perform,Soccer, Saudi Arabia - Women’s Premier League - Female, Saudi Arabia, Al Taraji, Al Ittihad,
, 10088038, 03/10/2026 15:15:00, 03/10/2026 21:15:00,Eurosport 1 Norway (68),Euro62,SCAND-2 N,Legacy,Cycling, Tour of Munsterland, Germany, , ,
ff0bec82-6dd3-4d43-a5c0-b4a4ac370759, 10080755, 03/10/2026 15:30:00, 03/10/2026 18:30:00,Infront,Euro226,IGM_INF_DSC_DEFAULT,InFront Streaming,Ice Hockey, World - Czech 2. Liga - Mixed, World, Znojmo, Sumperk,
f4532de0-cdbf-4123-a771-381f4f190982, 10080945, 03/10/2026 15:30:00, 03/10/2026 18:00:00,Infront,Euro212,IGM_INF_DSC_DEFAULT,InFront Streaming,Soccer, World - Italian Serie C - Mixed, World, Monopoli, Savoia,
af1d90fa-baa3-480c-98a9-8b56e27214fe, 10091056, 03/10/2026 15:30:00, 03/10/2026 18:00:00,Polsat Sport 2 [118],Euro17,POL-2,Stats Perform,Basketball, Poland - PLK - Male, Poland, Astoria Bydgoszcz, Zielona Gora,
a8ed7559-0bdc-4245-9da8-9955e5fdfca3, 10080809, 03/10/2026 15:30:00, 03/10/2026 18:00:00,Infront,Euro208,IGM_INF_DSC_DEFAULT,InFront Streaming,Soccer, World - Italian Serie C - Mixed, World, Livorno, Pescara,
a7daeebd-2975-41eb-95a0-acf13fe05fcc, 10080810, 03/10/2026 15:30:00, 03/10/2026 18:00:00,Infront,Euro209,IGM_INF_DSC_DEFAULT,InFront Streaming,Soccer, World - Italian Serie C - Mixed, World, Giugliano, Barletta,
a454d0e9-4f2e-443b-b51a-3de2f70e8fd1, 10090272, 03/10/2026 15:30:00, 03/10/2026 18:00:00,TG4 [104],Euro49,SKYIE-1,Stats Perform,Soccer, Republic of Ireland - Women's Premier Division - Female, Republic of Ireland, Athlone Town, Galway United,
a0716540-d9c2-4290-9404-cca6f3ea57d2, 10091165, 03/10/2026 15:30:00, 03/10/2026 18:00:00,Stadium Feed,Euro192,FIF_CH11,Stats Perform,Soccer, Burkina Faso - Ligue 1 - Male, Burkina Faso, Majestic, Vitesse,
94ea8e53-fbaa-4fa2-bc55-eec4373cea5d, 10091164, 03/10/2026 15:30:00, 03/10/2026 18:00:00,Stadium Feed,Euro193,FIF_CH16,Stats Perform,Soccer, Burkina Faso - Ligue 1 - Male, Burkina Faso, Rahimo, Douanes,
757a9be0-0209-42b3-87a2-56c4cd30f03c, 10080807, 03/10/2026 15:30:00, 03/10/2026 18:00:00,Infront,Euro206,IGM_INF_DSC_DEFAULT,InFront Streaming,Soccer, World - Italian Serie C - Mixed, World, Arzignano, Pergolettese,
674e436d-50b4-4bb7-923c-0ac2c967e66f, 10080752, 03/10/2026 15:30:00, 03/10/2026 18:30:00,Infront,Euro223,IGM_INF_DSC_DEFAULT,InFront Streaming,Ice Hockey, World - Czech 2. Liga - Mixed, World, Technika Brno, Poruba,
62b4a7a7-bb9b-4618-b7d8-76e302434197, 10080754, 03/10/2026 15:30:00, 03/10/2026 18:30:00,Infront,Euro225,IGM_INF_DSC_DEFAULT,InFront Streaming,Ice Hockey, World - Czech 2. Liga - Mixed, World, Velke Mezirici, Kromeriz,
5073d45d-0975-45c8-b3db-6ef3f0b213ab, 10091162, 03/10/2026 15:30:00, 03/10/2026 18:00:00,Stadium Feed,Euro194,FIF_CH12,Stats Perform,Soccer, Burkina Faso - Ligue 1 - Male, Burkina Faso, ASFA-Yennenga, ASFB,
328bc8da-8893-4955-84a4-3bf2e585b35d, 10080760, 03/10/2026 15:30:00, 03/10/2026 18:30:00,Infront,Euro231,IGM_INF_DSC_DEFAULT,InFront Streaming,Ice Hockey, World - Czech 2. Liga - Mixed, World, Mostecti Ivi, HC Vrchlabi,
2b3ce5f1-8858-4902-8525-3a83c8f7d5e1, 10090635, 03/10/2026 15:30:00, 03/10/2026 18:00:00,Sport News Germany [200] HD,Euro25,GER-1,Stats Perform,Soccer, Europe - U20 Elite League - Male, Europe, England U20, Germany U20,
166052aa-cd39-4dc5-87c5-3bf729142138, 10080714, 03/10/2026 15:30:00, 03/10/2026 18:00:00,Infront,Euro211,IGM_INF_DSC_DEFAULT,InFront Streaming,Basketball, World - Slovenian Basketball League - Mixed, World, Gorica, Helios Domzale,
083b0e71-0b05-4886-a49a-864e27f3600a, 10090722, 03/10/2026 15:30:00, 03/10/2026 18:00:00,Match Game russia,Russia2,Not Set,Stats Perform,Volleyball, Russia - Super League (W) - Female, Russia, Dinamo Kazan, Zarechye Odintsovo,switch
057503bb-fc35-44bc-bdb5-0d750725ef80, 10080808, 03/10/2026 15:30:00, 03/10/2026 18:00:00,Infront,Euro207,IGM_INF_DSC_DEFAULT,InFront Streaming,Soccer, World - Italian Serie C - Mixed, World, Grosseto, Sambenedettese,
925fa219-72a6-41ed-bf45-c2f77fdca159, 10089244, 03/10/2026 15:45:00, 03/10/2026 18:45:00,Stadium Feed,Euro142,XVI_CH07,Stats Perform,Ice Hockey, Netherlands - Eredivisie - Male, Netherlands, Amsterdam Tigers, Dordrecht Lions,
a3fc6f44-083c-415a-a51d-5397e78ea0ba, 10083742, 03/10/2026 15:55:00, 03/10/2026 19:25:00,Al Kass [031 / 501],Israel4,Not Set,Stats Perform,Soccer, Asia - Gulf Cup of Nations - Male, Asia, Saudi Arabia, Qatar,
3932e865-9911-49d6-a43f-f0f091eb378d, 10085674, 03/10/2026 15:55:00, 03/10/2026 18:25:00,Stadium Feed,Euro160,IPL_CH01,Stats Perform,Soccer, Germany - Frauen Bundesliga - Female, Germany, Eintracht Frankfurt, Bayern Munchen,
, 10093112, 03/10/2026 15:55:00, 03/10/2026 19:25:00,Sportdigital Fussball HD [241],Euro28,GER-4,Stats Perform,Soccer, Asia - Gulf Cup of Nations - Male, Asia, Saudi Arabia, Qatar,
fc673458-9dc1-42c3-aa77-8160abbde204, 10080814, 03/10/2026 16:00:00, 03/10/2026 19:00:00,Infront,Euro213,IGM_INF_DSC_DEFAULT,InFront Streaming,Ice Hockey, Sweden - Swedish Hockey League - Mixed, Sweden, Farjestad BK, HV 71,
fb41cd75-e516-409c-a3e8-163a779c4adb, 10088618, 03/10/2026 16:00:00, 03/10/2026 19:30:00,5 - WJZY FOX (WNYW),Us6,Not Set,Stats Perform,American Football, United States - NCAA Division I - Male, United States, Minnesota, Michigan,
fa51654f-4b33-4ca5-a543-7794a8ad80e4, 10086341, 03/10/2026 16:00:00, 03/10/2026 18:15:00,Stadium Feed,Euro195,SAT_CH35,Stats Perform,Handball, Europe - EHF Women's Champions League - Female, Europe, Metz, Nykøbing,
f2eee4d2-314f-4828-b6a5-c959cc00e390, 10089643, 03/10/2026 16:00:00, 03/10/2026 18:30:00,DAZN Baloncesto [87],Euro32,Spain-2,Stats Perform,Basketball, Spain - Liga ACB - Male, Spain, Joventut, Andorra,
ed0a5969-1461-4c8d-9141-5a55652dd328, 10080818, 03/10/2026 16:00:00, 03/10/2026 19:00:00,Infront,Euro217,IGM_INF_DSC_DEFAULT,InFront Streaming,Ice Hockey, Sweden - Swedish Hockey League - Mixed, Sweden, Farjestad BK, HV 71,
e7ed813c-568e-4da9-aa5f-c13c0a983c19, 10090687, 03/10/2026 16:00:00, 03/10/2026 18:30:00,Match Premier,Russia1,Not Set,Stats Perform,Soccer, Russia - Superliga Women - Female, Russia, Rostov, Krasnodar,
e040d15f-2ed3-4653-ad26-c055df8260be, 10080819, 03/10/2026 16:00:00, 03/10/2026 19:00:00,Infront,Euro218,IGM_INF_DSC_DEFAULT,InFront Streaming,Ice Hockey, Sweden - Swedish Hockey League - Mixed, Sweden, Orebro HK, Lulea HF,
d314dbe0-ba93-4835-8c7d-3b9ce7b2273f, 10080816, 03/10/2026 16:00:00, 03/10/2026 19:00:00,Infront,Euro215,IGM_INF_DSC_DEFAULT,InFront Streaming,Ice Hockey, Sweden - Swedish HockeyAllsvenskan - Mixed, Sweden, Leksands IF, IK Oskarshamn,
d2c91228-0d1c-4e3f-a7db-7bb88bd1001c, 10080813, 03/10/2026 16:00:00, 03/10/2026 19:00:00,Infront,Euro212,IGM_INF_DSC_DEFAULT,InFront Streaming,Ice Hockey, Sweden - Swedish Hockey League - Mixed, Sweden, Linkoping HC, IF Bjorkloven,
cbcf1e86-6723-4405-908c-762b332c793b, 10088555, 03/10/2026 16:00:00, 03/10/2026 19:30:00,209 - ESPN 2,Us2,Not Set,Stats Perform,American Football, United States - NCAA Division I - Male, United States, Houston, UCF,
c945ab89-9f9b-48f2-9fd4-eb266ef6f707, 10088669, 03/10/2026 16:00:00, 03/10/2026 18:30:00,Sport TV 3 [23],Euro85,MEO 3,Stats Perform,Soccer, Europe - UEFA Nations League - Male, Europe, Estonia, Luxembourg,
c7748039-7238-45ab-85df-1f3cc6851159, 10092945, 03/10/2026 16:00:00, 03/10/2026 18:30:00,Teledeporte [79],Euro34,Spain-4,Stats Perform,Basketball, Spain - Liga Femenina - Female, Spain, Estudiantes, Girona,
c7530659-e94c-4034-b0d1-258bf95531bd, 10091666, 03/10/2026 16:00:00, 03/10/2026 18:30:00,MediaPro,Euro210,IGM_MEDIAPRO_CH02,Stats Perform,Soccer, Uruguay - Segunda Division - Male, Uruguay, Miramar Misiones, Paysandu,switch
bfe63f43-1622-4b01-bb6d-504eb1fac291, 10086861, 03/10/2026 16:00:00, 03/10/2026 18:30:00,Arryadia [375],Euro13,HOTFTA-2,Stats Perform,Soccer, Morocco - Botola Pro - Male, Morocco, Hassania Agadir, Maghreb Fes,
bdf411ca-5074-4b1a-ae65-f9b11f1b0cd2, 10088533, 03/10/2026 16:00:00, 03/10/2026 19:30:00,639 - SNY,Us12,Not Set,Stats Perform,American Football, United States - NCAA Division I - Male, United States, Columbia, Princeton,
b47eaaa9-29c1-4202-80e0-ced410f42887, 10080751, 03/10/2026 16:00:00, 03/10/2026 19:00:00,Infront,Euro222,IGM_INF_DSC_DEFAULT,InFront Streaming,Ice Hockey, World - Czech 2. Liga - Mixed, World, Prostejov 1913, Koprivnice,
aa90f5e8-c56c-4624-99bf-eaf52dffadba, 10080817, 03/10/2026 16:00:00, 03/10/2026 19:00:00,Infront,Euro216,IGM_INF_DSC_DEFAULT,InFront Streaming,Ice Hockey, Sweden - Swedish Hockey League - Mixed, Sweden, Linkoping HC, IF Bjorkloven,
a6feb645-36e0-4553-b63e-586680237668, 10088496, 03/10/2026 16:00:00, 03/10/2026 19:30:00,11 - WPIX,Us5,Not Set,Stats Perform,American Football, United States - NCAA Division I - Male, United States, SMU, Boston College,
a486ffd1-d224-4b6b-9b3f-55827f129646, 10080712, 03/10/2026 16:00:00, 03/10/2026 18:30:00,Infront,Euro209,IGM_INF_DSC_DEFAULT,InFront Streaming,Basketball, World - Slovakian Extraliga - Mixed, World, Levice, BC Komarno,
93d74597-7629-4593-9840-b40dfe4a7746, 10090918, 03/10/2026 16:00:00, 03/10/2026 18:30:00,Stadium Feed,Euro162,OVE_CH07,Stats Perform,Soccer, Spain - Primera Division Femenina - Female, Spain, Madrid, Athletic Club,
8f8b5a30-99b7-4f98-a28e-3e1f83cef17f, 10092166, 03/10/2026 16:00:00, 03/10/2026 18:30:00,Stadium Feed,Euro117,XVI_CH21,Stats Perform,Soccer, World - Club Friendlies - Male, World, Brest, Monza,
8f3d6d16-7d0b-4016-85e0-9f46516cb5c0, 10080812, 03/10/2026 16:00:00, 03/10/2026 18:30:00,Infront,Euro211,IGM_INF_DSC_DEFAULT,InFront Streaming,Soccer, World - Slovakian 2. Liga - Mixed, World, Presov, Lehota p.v,
85ac4d89-4696-4a9f-a53c-d3fdc5eaac56, 10080815, 03/10/2026 16:00:00, 03/10/2026 19:00:00,Infront,Euro214,IGM_INF_DSC_DEFAULT,InFront Streaming,Ice Hockey, Sweden - Swedish Hockey League - Mixed, Sweden, Orebro HK, Lulea HF,
7831dc80-b45a-48e4-a8a4-5b494e66c2d7, 10091756, 03/10/2026 16:00:00, 03/10/2026 18:15:00,Yes Sport 4 - [54],Israel11,Not Set,Stats Perform,Handball, Germany - Bundesliga - Male, Germany, Kiel, Gummersbach,
5ad32d75-ea59-4336-bec3-afce27ac1812, 10088375, 03/10/2026 16:00:00, 03/10/2026 19:30:00,2- CBS WBTV,Us7,Not Set,Stats Perform,American Football, United States - NCAA Division I - Male, United States, Air Force, Navy,
537d57d7-a645-49f3-b0ac-dcdb0f9f413a, 10088361, 03/10/2026 16:00:00, 03/10/2026 19:30:00,7 - WABC WSOC,Us10,Not Set,Stats Perform,American Football, United States - NCAA Division I - Male, United States, Mississippi State, Alabama,
4cec974d-4f80-4786-a361-414357f29044, 10088651, 03/10/2026 16:00:00, 03/10/2026 18:30:00,beIN Sport 4 - ME [006],Israel7,Not Set,Stats Perform,Soccer, Europe - UEFA Nations League - Male, Europe, Belarus, San Marino,switch
3e0b9674-be50-4b5e-8ca3-6b706021a1a3, 10085649, 03/10/2026 16:00:00, 03/10/2026 18:15:00,TV2 Sport Denmark [107],Euro71,SCAND-11,Stats Perform,Handball, Denmark - Ligaen - Male, Denmark, Bjerringbro, Skanderborg Aarhus,switch
3ba8828f-930f-4e28-8276-67e03342d147, 10088312, 03/10/2026 16:00:00, 03/10/2026 19:30:00,221 - CBSSN,Us14,Not Set,Stats Perform,American Football, United States - NCAA Division I - Male, United States, UConn, Syracuse,
24872c7f-1a55-4850-bced-d5651998069e, 10080709, 03/10/2026 16:00:00, 03/10/2026 18:30:00,Infront,Euro206,IGM_INF_DSC_DEFAULT,InFront Streaming,Basketball, World - Slovakian Extraliga - Mixed, World, BKM Lucenec, Nitra Blue Wings,
23a4b818-ee21-4e1f-ba56-d555ce0c34d9, 10080758, 03/10/2026 16:00:00, 03/10/2026 19:00:00,Infront,Euro229,IGM_INF_DSC_DEFAULT,InFront Streaming,Ice Hockey, World - Czech 2. Liga - Mixed, World, Kobra Praha, Havl. Brod,
2324c9ee-79d3-42fd-ae1e-f1e2f4b5e4ee, 10080764, 03/10/2026 16:00:00, 03/10/2026 18:30:00,Infront,Euro235,IGM_INF_DSC_DEFAULT,InFront Streaming,Soccer, World - Italian Serie A Women - Mixed, World, AS Roma W, Lazio W,
1c815c4b-4a3b-4761-91c6-8503105e8bdb, 10088271, 03/10/2026 16:00:00, 03/10/2026 19:30:00,245 TNT - D,Us4,Not Set,Stats Perform,American Football, United States - NCAA Division I - Male, United States, Iowa State, West Virginia,
1b0ec4ef-ed4d-4a3b-b481-ad6f5680a0b5, 10080756, 03/10/2026 16:00:00, 03/10/2026 19:00:00,Infront,Euro227,IGM_INF_DSC_DEFAULT,InFront Streaming,Ice Hockey, World - Czech 2. Liga - Mixed, World, Cheb, Benatky,
1a598ea8-9d2a-4a7b-8485-843a5e8e9ccf, 10088267, 03/10/2026 16:00:00, 03/10/2026 19:30:00,208 - ESPN U,Us3,Not Set,Stats Perform,American Football, United States - NCAA Division I - Male, United States, Kansas, Middle Tennessee,
19192cd8-affd-4580-aa5d-499dfae460b2, 10091230, 03/10/2026 16:00:00, 03/10/2026 22:00:00,316 GOLF -S,Us26,Not Set,Stats Perform,Golf, United States - Jefferson Lehigh Valley Classic - Mixed, United States, , ,
17094ace-f6fa-4604-941e-ec4d619805cd, 10080710, 03/10/2026 16:00:00, 03/10/2026 18:30:00,Infront,Euro207,IGM_INF_DSC_DEFAULT,InFront Streaming,Basketball, World - Slovakian Extraliga - Mixed, World, Iskra Svit, Inter Basket,
0cb796b5-2862-4c35-b7e4-d0e519fb811e, 10080759, 03/10/2026 16:00:00, 03/10/2026 19:00:00,Infront,Euro230,IGM_INF_DSC_DEFAULT,InFront Streaming,Ice Hockey, World - Czech 2. Liga - Mixed, World, Kralupy, Kadan,
0a7ee020-4632-4302-b322-2740a015ffa7, 10080719, 03/10/2026 16:00:00, 03/10/2026 18:15:00,Infront,Euro216,IGM_INF_DSC_DEFAULT,InFront Streaming,Handball, World - Polish Superliga - Mixed, World, Gwardia Opole, Chrobry Glogow,
05a4cbe4-3d67-4197-a84d-6fb30fdb070b, 10080728, 03/10/2026 16:00:00, 03/10/2026 18:15:00,Infront,Euro225,IGM_INF_DSC_DEFAULT,InFront Streaming,Handball, World - Polish Superliga Women - Mixed, World, Start Elblag W, Galychanka Lviv W,
01fa6a32-fa00-4334-9340-359d143ac396, 10086319, 03/10/2026 16:00:00, 03/10/2026 18:15:00,Stadium Feed,Euro118,SAT_CH34,Stats Perform,Handball, Europe - EHF Women's Champions League - Female, Europe, Gyori ETO, Gloria Bistrita,
019b75a3-27f6-472f-b400-b31a5f578c99, 10088246, 03/10/2026 16:00:00, 03/10/2026 19:30:00,612 ACC,Us11,Not Set,Stats Perform,American Football, United States - NCAA Division I - Male, United States, Wake Forest, Stanford,
00dc6307-ba77-42ea-9472-71186bcde31d, 10088634, 03/10/2026 16:00:00, 03/10/2026 18:30:00,Sport TV 2 [22],Euro84,MEO 2,Stats Perform,Soccer, Europe - UEFA Nations League - Male, Europe, Iceland, Bulgaria,
, 10090641, 03/10/2026 16:00:00, 03/10/2026 18:15:00,ORF Sports [755],Euro27,GER-3,Legacy,Handball, WHA, Austria, Tulln, MGA Fivers Wien,
, 10092195, 03/10/2026 16:00:00, 03/10/2026 22:00:00,4 - NBC WCNC united states,Us13,Not Set,Legacy,Motorsports, IMSA Weathertech Sportscar Championship, United States, , ,
, 10089658, 03/10/2026 16:00:00, 03/10/2026 18:30:00,ITV1 [103],Euro53,ASTRA-1,Stats Perform,Soccer, Europe - UEFA Nations League - Male, Europe, Croatia, England,
, 10090230, 03/10/2026 16:00:00, 03/10/2026 18:30:00,Radio 5 Live united kingdom,Euro44,R5L,Stats Perform,Soccer, Europe - UEFA Nations League - Male, Europe, Croatia, England,
3de710e4-f294-4936-a142-4af8f4d1b2cd, 10080820, 03/10/2026 16:04:00, 03/10/2026 18:34:00,Infront,Euro219,IGM_INF_DSC_DEFAULT,InFront Streaming,Basketball, Sweden - Swedish Basketligan - Mixed, Sweden, Sodertalje BBK, Jamtland Basket,
cbc89509-1a84-464f-b905-a4f9b44bbc75, 10090281, 03/10/2026 16:30:00, 03/10/2026 19:00:00,TNT Sport 1 [410],Euro55,ASTRA-3,Stats Perform,Rugby Union, England - Prem - Male, England, Gloucester Rugby, Harlequins,
a67f3889-a11d-43d9-8ce3-b9d84b28ae24, 10090828, 03/10/2026 16:30:00, 03/10/2026 19:00:00,Stadium Feed,Euro145,OVE_CH01,Stats Perform,Soccer, Spain - Segunda Division - Male, Spain, Cadiz, Leganes,
955babab-51f0-44aa-a7ee-9092ed6958c7, 10090827, 03/10/2026 16:30:00, 03/10/2026 19:00:00,Stadium Feed,Euro119,OVE_CH05,Stats Perform,Soccer, Spain - Segunda Division - Male, Spain, Sabadell, FC Andorra,
83c00028-c5c5-476c-8689-1ab5cbc998e0, 10080821, 03/10/2026 16:30:00, 03/10/2026 19:00:00,Infront,Euro220,IGM_INF_DSC_DEFAULT,InFront Streaming,Basketball, Germany - German Basketball Bundesliga - Mixed, Germany, Alba Berlin, Bamberg,
6fb9317b-a391-4802-b037-b6979eb17807, 10092769, 03/10/2026 16:30:00, 03/10/2026 19:30:00,Stadium Feed,Euro131,XVI_CH05,Stats Perform,Ice Hockey, France - Division 1 - Male, France, Neuilly-sur-Marne, Wildcats d'Epinal,
6dcd75c0-2528-4dd6-a249-8ceac4f6fe1b, 10080797, 03/10/2026 16:30:00, 03/10/2026 19:30:00,Infront,Euro264,IGM_INF_DSC_DEFAULT,InFront Streaming,Ice Hockey, World - Kontinental Hockey League - Mixed, World, HC Sochi, Torpedo,
1e02c41a-090d-4d43-90d4-b4b4bf11bc44, 10090212, 03/10/2026 16:30:00, 03/10/2026 19:00:00,Premier Sports 2 [419],Euro54,ASTRA-2,Stats Perform,Rugby Union, Europe - United Rugby Championship - Male, Europe, Glasgow Warriors, Ulster,
187a916c-01b5-44e2-9c30-a9b646a5c840, 10092943, 03/10/2026 16:30:00, 03/10/2026 19:00:00,Canal 11 [11],Euro83,MEO 1,Stats Perform,Soccer, World - U19 National Team Friendlies - Male, World, Portugal U19, Denmark U19,
0ebb4be8-bfe3-47af-835f-33a6911b7396, 10089665, 03/10/2026 16:30:00, 03/10/2026 19:00:00,Super Sport Rugby [211],Sa1,Not Set,Stats Perform,Rugby Union, Europe - United Rugby Championship - Male, Europe, Sharks URC, Leinster,
0c4a46a6-ec52-4e30-9e7c-b8408909486c, 10089441, 03/10/2026 16:30:00, 03/10/2026 19:00:00,Stadium Feed,Euro121,SUN_CH01,Stats Perform,Soccer, Scotland - League One - Male, Scotland, Hamilton Academical, Peterhead,
08f27c8d-fa09-4719-beba-f3763247f228, 10088249, 03/10/2026 16:30:00, 03/10/2026 20:00:00,319 BIGTEN -S,Us24,Not Set,Stats Perform,American Football, United States - NCAA Division I - Male, United States, Wisconsin, Michigan State,
0567ca85-986e-429d-a2b6-0d4175df39a8, 10088044, 03/10/2026 16:30:00, 03/10/2026 19:00:00,Canal Foot [61],Euro18,FRA-1,Stats Perform,Soccer, France - Premiere Ligue - Female, France, Nantes, Montpellier,switch
, 10092258, 03/10/2026 16:30:00, 04/10/2026 00:30:00,Yes Sport 6,Israel10,Not Set,Legacy,Other, Padel Tennis, World, , ,
175c33e5-db1a-49d5-845e-d26a10dc6c91, 10092755, 03/10/2026 16:40:00, 03/10/2026 19:40:00,Stadium Feed,Euro137,XVI_CH06,Stats Perform,Ice Hockey, France - Division 1 - Male, France, Valenciennes, Corsaires de Nantes,
d23ff497-b2f0-4c42-a374-1e798cdc2b64, 10088564, 03/10/2026 16:45:00, 03/10/2026 20:15:00,611 - SEC Network,Us19,Not Set,Stats Perform,American Football, United States - NCAA Division I - Male, United States, Georgia, Vanderbilt,
e9a93694-e901-460f-9d56-cb4a1d79ee08, 10092785, 03/10/2026 17:00:00, 03/10/2026 20:00:00,Stadium Feed,Euro143,XVI_CH09,Stats Perform,Ice Hockey, France - Division 1 - Male, France, Strasbourg, Villard-de-Lans,
cf55e87d-c8a3-4af7-a8a6-540a03d54283, 10080715, 03/10/2026 17:00:00, 03/10/2026 19:30:00,Infront,Euro212,IGM_INF_DSC_DEFAULT,InFront Streaming,Basketball, World - Slovenian Basketball League - Mixed, World, Hopsi Polzela, Rogaska,
b4645a8d-4194-4496-9f05-2f12fd1dc444, 10089248, 03/10/2026 17:00:00, 03/10/2026 20:00:00,Stadium Feed,Euro147,XVI_CH10,Stats Perform,Ice Hockey, Netherlands - Eredivisie - Male, Netherlands, Smoke Eaters Geleen, Capitals Leeuwarden,
a12858f9-0c56-44f6-b6a2-ffd8f9bbc1ac, 10088487, 03/10/2026 17:00:00, 03/10/2026 20:30:00,642 - CSN MidAtlantic NBC Wash,Us8,Not Set,Stats Perform,American Football, United States - NCAA Division I - Male, United States, Monmouth Hawks, Towson,
774f7704-9ddf-4731-a73d-e0a77ca2ff45, 10085729, 03/10/2026 17:00:00, 03/10/2026 19:30:00,Stadium Feed,Euro101,ZOO_Ch01,Stats Perform,Soccer, Europe - UEFA U21 Championship Qualification - Male, Europe, France U21, Luxembourg U21,
6dd660bf-73de-4462-9d26-0200e0d612d9, 10092200, 03/10/2026 17:00:00, 03/10/2026 21:00:00,247 - TBS - D,Us17,Not Set,Stats Perform,Baseball, United States - MLB - Male, United States, Cleveland Guardians, Chicago White Sox,
49d94de2-eb83-42a6-9c15-6ab359254737, 10084610, 03/10/2026 17:00:00, 03/10/2026 19:30:00,FOX League HD [502],Aus1,Not Set,Stats Perform,Rugby League, England - Super League - Male, England, Warrington Wolves, Wakefield Trinity,switch
3fc4281b-df07-4844-bfe2-95632446f6c3, 10092946, 03/10/2026 17:00:00, 03/10/2026 19:15:00,Not Set,Not Set,Not Set,Stats Perform,Handball, Spain - Division Honor Femenina - Female, Spain, Malaga, Gran Canaria,
3f24f9a1-b556-4e81-8c3e-12d6d9863742, 10080711, 03/10/2026 17:00:00, 03/10/2026 19:30:00,Infront,Euro208,IGM_INF_DSC_DEFAULT,InFront Streaming,Basketball, World - Slovakian Extraliga - Mixed, World, Kosice Wolves, Prievidza,
2c66cccf-d4b9-4060-876a-1da7d8e1d0f4, 10087822, 03/10/2026 17:00:00, 03/10/2026 20:00:00,Stadium Feed,Euro141,XVI_CH08,Stats Perform,Ice Hockey, United Kingdom - Elite League - Male, United Kingdom, Guildford Flames, Glasgow Clan,
1ca19b01-8cdc-4ec2-89e3-5b31b5b488bd, 10080718, 03/10/2026 17:00:00, 03/10/2026 19:30:00,Infront,Euro215,IGM_INF_DSC_DEFAULT,InFront Streaming,Basketball, World - Slovenian Basketball League - Mixed, World, Tajfun Sentjur, Sencur,
, 10091081, 03/10/2026 17:00:00, 03/10/2026 19:00:00,C   Sport 1 Poland [171],Euro11,CYFRA-2,Legacy,Speedway, Ekstraliga, Poland, ORLEN OIL Motor Lublin, FOGO Unia Leszno,switch
, 10092541, 03/10/2026 17:00:00, 03/10/2026 19:30:00,Radio 5 Live SX,Euro43,R5L,Stats Perform,Rugby League, England - Super League - Male, England, Warrington Wolves, Wakefield Trinity,
, 10092471, 03/10/2026 17:15:00, 03/10/2026 20:15:00,BBC1 [101],Euro57,ASTRA-5,Legacy,Special, Strictly Come Dancing, England, , ,
bbaae6f9-581e-469f-a709-0ad48541494e, 10092779, 03/10/2026 17:30:00, 03/10/2026 20:30:00,Stadium Feed,Euro105,XVI_CH15,Stats Perform,Ice Hockey, France - Division 1 - Male, France, Yetis du Mont-Blanc, Dunkerque,
a1b4d1cb-79d5-4cda-a824-67df91afcdd8, 10089640, 03/10/2026 17:30:00, 03/10/2026 20:00:00,DAZN Baloncesto 2,Euro33,Spain-3,Stats Perform,Basketball, Spain - Liga ACB - Male, Spain, Malaga, Tenerife,
9be9528e-0d64-4a94-8035-d38113375049, 10091768, 03/10/2026 17:30:00, 03/10/2026 20:00:00,Stadium Feed,Euro122,SPI_CH02,Stats Perform,Soccer, Belgium - Super League - Female, Belgium, Gent, Zulte Waregem,
0b3fda55-2f04-4f1a-bd08-dcb849fe06a3, 10091760, 03/10/2026 17:30:00, 03/10/2026 20:00:00,Stadium Feed,Euro123,SPI_CH01,Stats Perform,Soccer, Belgium - Super League - Female, Belgium, Standard Liege, Ladies Genk,
700d43e6-dd99-41a5-89d6-865c3b8c07f5, 10083009, 03/10/2026 17:45:00, 03/10/2026 20:15:00,Stadium Feed,Euro125,FIB_CH47,Stats Perform,Basketball, Asia - West Asia Super League - Male, Asia, Sagesse, Kuwait,
629d2fd4-1129-42c8-9585-782c89064680, 10091443, 03/10/2026 17:45:00, 03/10/2026 20:15:00,Stadium Feed,Euro196,GEN_CH04,Stats Perform,Soccer, Argentina - Liga Profesional Argentina - Male, Argentina, Defensa y Justicia, San Lorenzo,
, 10087453, 03/10/2026 17:45:00, 03/10/2026 23:45:00,Eurosport France [70] SD,Euro19,FRA-2,Legacy,Cycling, Mountain Bike, World, , ,switch
9f03fd4b-0978-49fc-bf52-d38959749abb, 10091743, 03/10/2026 17:55:00, 03/10/2026 20:25:00,Sport 5 - [55],Israel9,Not Set,Stats Perform,Basketball, Israel - Premier League Cup - Male, Israel, Hapoel Tel Aviv, Ironi Nes Ziona,
fe7a50b5-3a7d-4bc8-895d-a71f86ecdc61, 10080825, 03/10/2026 18:00:00, 03/10/2026 20:30:00,Infront,Euro204,IGM_INF_DSC_DEFAULT,InFront Streaming,Soccer, World - Dutch Eerste Divisie - Mixed, World, Waalwijk, FC Emmen,
fa660855-39f1-4b5a-b1e4-26d3ecde459a, 10084746, 03/10/2026 18:00:00, 03/10/2026 20:30:00,Stadium Feed,Euro127,STH_CH13,Stats Perform,Soccer, Netherlands - Eerste Divisie - Male, Netherlands, Den Bosch, Dordrecht,
ef56dabe-1ea2-499b-8841-3ec4b07cac26, 10084744, 03/10/2026 18:00:00, 03/10/2026 20:30:00,Stadium Feed,Euro128,STH_CH14,Stats Perform,Soccer, Netherlands - Eerste Divisie - Male, Netherlands, RKC Waalwijk, Emmen,
ecdf4e33-5746-4a48-ab98-c55b5d904fbc, 10091552, 03/10/2026 18:00:00, 03/10/2026 20:30:00,Stadium Feed,Euro129,GEN_CH10,Stats Perform,Soccer, Argentina - Primera Nacional - Male, Argentina, San Miguel, Mitre Santiago d. Estero,
e1b0e543-f844-4ed8-bc58-eca1b8aef64c, 10089252, 03/10/2026 18:00:00, 03/10/2026 21:00:00,Stadium Feed,Euro132,XVI_CH19,Stats Perform,Ice Hockey, Netherlands - Eredivisie - Male, Netherlands, Flyers Heerenveen, Red Eagles Den Bosch,
db5d8a2f-e377-4367-a9d0-48750a9a8937, 10080826, 03/10/2026 18:00:00, 03/10/2026 20:30:00,Infront,Euro205,IGM_INF_DSC_DEFAULT,InFront Streaming,Basketball, Germany - German Basketball Bundesliga - Mixed, Germany, Syntainics MBC, Ulm,
cd841182-313a-442a-aa9a-7cc18c606778, 10092780, 03/10/2026 18:00:00, 03/10/2026 21:00:00,Stadium Feed,Euro120,XVI_CH16,Stats Perform,Ice Hockey, France - Division 1 - Male, France, Cholet, Cometes de Meudon,
ac6ab2e3-1a3d-49c8-8bfd-ec30d81c3631, 10089505, 03/10/2026 18:00:00, 03/10/2026 20:30:00,315 TSN 5,Us21,Not Set,Stats Perform,Soccer, World - Friendlies - Male, World, Canada, Peru,
a5569fe6-d22e-48e9-9949-5dd7b529c720, 10089245, 03/10/2026 18:00:00, 03/10/2026 21:00:00,Stadium Feed,Euro134,XVI_CH20,Stats Perform,Ice Hockey, Netherlands - Eredivisie - Male, Netherlands, Eindhoven Kemphanen, Marne Groningen,
a28d2efb-d2e4-4847-86aa-dec7d49d3847, 10084736, 03/10/2026 18:00:00, 03/10/2026 20:30:00,Stadium Feed,Euro135,STH_CH12,Stats Perform,Soccer, Netherlands - Eerste Divisie - Male, Netherlands, Eindhoven, De Graafschap,
87d6e4d2-a68d-4d75-a460-d0789d113785, 10087817, 03/10/2026 18:00:00, 03/10/2026 21:00:00,Stadium Feed,Euro144,XVI_CH13,Stats Perform,Ice Hockey, United Kingdom - Cup - Male, United Kingdom, Nottingham Panthers, Coventry Blaze,
867ea3a0-a5b0-48ac-80e5-0a8f1d0b7b48, 10087827, 03/10/2026 18:00:00, 03/10/2026 21:00:00,Stadium Feed,Euro146,XVI_CH11,Stats Perform,Ice Hockey, United Kingdom - Elite League - Male, United Kingdom, Cardiff Devils, Manchester Storm,
828db549-e5cf-4e67-b697-86a333326f02, 10080822, 03/10/2026 18:00:00, 03/10/2026 20:30:00,Infront,Euro201,IGM_INF_DSC_DEFAULT,InFront Streaming,Soccer, World - Dutch Eerste Divisie - Mixed, World, Almere City, FC Volendam,
77d11a5b-a6e1-400a-8c72-36157d8c8cab, 10091514, 03/10/2026 18:00:00, 03/10/2026 20:30:00,Stadium Feed,Euro136,GEN_CH11,Stats Perform,Soccer, Argentina - Primera Nacional - Male, Argentina, Temperley, Gimnasia Jujuy,
75b47d86-56b1-42b6-839d-96f824d3565a, 10091513, 03/10/2026 18:00:00, 03/10/2026 20:30:00,Stadium Feed,Euro138,GEN_CH08,Stats Perform,Soccer, Argentina - Primera Nacional - Male, Argentina, Colon, Estudiantes Caseros,
695570bc-6523-4d41-9a0f-ed8d9c6b547a, 10091509, 03/10/2026 18:00:00, 03/10/2026 20:30:00,Stadium Feed,Euro140,GEN_CH12,Stats Perform,Soccer, Argentina - Primera Nacional - Male, Argentina, Tristan Suarez, Quilmes,
654fdae6-dc42-4a42-a778-ecd07c9984c7, 10092766, 03/10/2026 18:00:00, 03/10/2026 21:00:00,Stadium Feed,Euro149,XVI_CH14,Stats Perform,Ice Hockey, France - Division 1 - Male, France, Chambery, Drakkars,
6245a474-3a15-4a81-88ef-e5e5f36ba990, 10088719, 03/10/2026 18:00:00, 03/10/2026 20:30:00,Stadium Feed,Euro155,LVM_CH05,Stats Perform,Soccer, Brazil - Copa Paulista - Male, Brazil, Uniao Sao Joao, Gremio Prudente,
5ec531a1-c258-48f4-b695-9b9b72aedc0e, 10080824, 03/10/2026 18:00:00, 03/10/2026 20:30:00,Infront,Euro203,IGM_INF_DSC_DEFAULT,InFront Streaming,Soccer, World - Dutch Eerste Divisie - Mixed, World, Eindhoven FC, De Graafschap,
58f8e036-1461-483f-97f6-2a5547c1becf, 10087823, 03/10/2026 18:00:00, 03/10/2026 21:00:00,Stadium Feed,Euro148,XVI_CH12,Stats Perform,Ice Hockey, United Kingdom - Elite League - Male, United Kingdom, Sheffield Steelers, Fife Flyers,
50e2f60d-ae7f-40df-b3ab-1ba5ad41473d, 10091503, 03/10/2026 18:00:00, 03/10/2026 20:30:00,Stadium Feed,Euro156,GEN_CH09,Stats Perform,Soccer, Argentina - Primera Nacional - Male, Argentina, Deportivo Moron, All Boys,
4cce56a9-aea0-49a9-95ac-809db44e9898, 10086855, 03/10/2026 18:00:00, 03/10/2026 20:30:00,Arryadia [375],Euro13,HOTFTA-2,Stats Perform,Soccer, Morocco - Botola Pro - Male, Morocco, Difaa El Jadida, Wydad Casablanca,
4bd6de5f-d40f-4e1f-bcfb-0a57466f9601, 10088342, 03/10/2026 18:00:00, 03/10/2026 21:30:00,659 - ATTPT Root Sports,Us15,Not Set,Stats Perform,American Football, United States - NCAA Division I - Male, United States, Robert Morris, Norfolk State,
48d75454-53c7-4e40-88af-c1a23937344e, 10086853, 03/10/2026 18:00:00, 03/10/2026 20:30:00,Al Maghribiya [370],Euro10,CYFRA-1,Stats Perform,Soccer, Morocco - Botola Pro - Male, Morocco, CODM Meknes, Kawkab Marrakech,
404c41dd-3f8c-4add-a9f0-3ae1f78e9514, 10091608, 03/10/2026 18:00:00, 03/10/2026 20:30:00,MediaPro,Euro221,IGM_MEDIAPRO_CH01,Stats Perform,Soccer, Uruguay - Liga AUF - Male, Uruguay, Albion, Defensor Sporting,switch
36d5ddcf-4694-497f-a3dc-5e008f6845c4, 10080823, 03/10/2026 18:00:00, 03/10/2026 20:30:00,Infront,Euro202,IGM_INF_DSC_DEFAULT,InFront Streaming,Soccer, World - Dutch Eerste Divisie - Mixed, World, Den Bosch, Dordrecht,
2b133cf4-53a4-4ae4-9937-c6867e85c114, 10090751, 03/10/2026 18:00:00, 03/10/2026 20:30:00,Stadium Feed,Euro163,ZAP_CH01,Stats Perform,Soccer, Ecuador - Liga Pro Serie B - Male, Ecuador, 9 de Octubre, Atletico FC,
103cb5fa-9a3d-4de0-b08d-e0a317590ea3, 10091487, 03/10/2026 18:00:00, 03/10/2026 20:30:00,Stadium Feed,Euro113,GEN_CH01,Stats Perform,Soccer, Argentina - Primera Nacional - Male, Argentina, Acassuso, Ciudad de Bolivar,
0721482e-a22c-4a86-8743-45452d0bef33, 10084720, 03/10/2026 18:00:00, 03/10/2026 20:30:00,Stadium Feed,Euro164,STH_CH15,Stats Perform,Soccer, Netherlands - Eerste Divisie - Male, Netherlands, Almere City, Volendam,
, 10091923, 03/10/2026 18:00:00, 04/10/2026 00:00:00,DAZN 1 Spain [70],Euro31,Spain-1,Legacy,Boxing, International Contest, World, Robert Whittaker, Luke Wallace,
eb005728-16ea-4f55-8e3a-62561f9954fc, 10092786, 03/10/2026 18:15:00, 03/10/2026 21:15:00,Stadium Feed,Euro165,XVI_CH18,Stats Perform,Ice Hockey, France - Division 1 - Male, France, Tours, Lyon,
44c78b74-f22f-43a4-8eb6-3b634477dcfa, 10080721, 03/10/2026 18:15:00, 03/10/2026 20:30:00,Infront,Euro218,IGM_INF_DSC_DEFAULT,InFront Streaming,Handball, World - Polish Superliga - Mixed, World, Kielce, Legionowo,
4fd5cde1-0769-464b-a5cd-f81a868903aa, 10090642, 03/10/2026 18:20:00, 03/10/2026 20:35:00,ORF Sports [755],Euro27,GER-3,Stats Perform,Handball, Austria - Meisterliga - Male, Austria, Hard, Lipizzanerheimat,
flH1SjfsSEG96rowW-ZL2g, 10087059, 03/10/2026 18:30:00, 04/10/2026 01:30:00,Modus,Euro210,IGM_MODUS_CH01,Manually Created,Darts, Modus Super Series, United Kingdom, , ,switch
e11e4002-57b8-4459-a938-96777b580c7e, 10092784, 03/10/2026 18:30:00, 03/10/2026 21:30:00,Stadium Feed,Euro154,XVI_CH17,Stats Perform,Ice Hockey, France - Division 1 - Male, France, Lynx de Valence, Morzine-Avoriaz,
d4cf2926-d014-40fc-bd3f-634a277e0db0, 10080828, 03/10/2026 18:30:00, 03/10/2026 21:00:00,Infront,Euro207,IGM_INF_DSC_DEFAULT,InFront Streaming,Soccer, World - Italian Serie C - Mixed, World, Ospitaletto, Renate,
bd534a37-6dd4-4d6f-b26a-d97d7f4a6aab, 10080830, 03/10/2026 18:30:00, 03/10/2026 21:00:00,Infront,Euro209,IGM_INF_DSC_DEFAULT,InFront Streaming,Soccer, World - Italian Serie C - Mixed, World, Catania, Crotone,
b0fdaad1-b86d-45ee-9fdd-31519f3f2dfe, 10080827, 03/10/2026 18:30:00, 03/10/2026 21:00:00,Infront,Euro206,IGM_INF_DSC_DEFAULT,InFront Streaming,Soccer, World - Italian Serie C - Mixed, World, Folgore Caratese, Desenzano,
a2acbf78-3fd9-4dbf-aad4-7187a60b3e08, 10092862, 03/10/2026 18:30:00, 03/10/2026 21:00:00,Infront,Euro222,IGM_INF_DSC_DEFAULT,InFront Streaming,Basketball, World - Serbian Kosarkaska liga - Mixed, World, Dynamic Balkan Bet, Okk Beograd,
9b083d39-f734-445a-ba99-6ddd8d759847, 10083741, 03/10/2026 18:30:00, 03/10/2026 21:30:00,Sportdigital Fussball HD [241],Euro28,GER-4,Stats Perform,Soccer, Asia - Gulf Cup of Nations - Male, Asia, UAE, Oman,
5a5e96a4-7349-46cb-adf7-7e41e66b391c, 10080829, 03/10/2026 18:30:00, 03/10/2026 21:00:00,Infront,Euro208,IGM_INF_DSC_DEFAULT,InFront Streaming,Soccer, World - Italian Serie C - Mixed, World, Pro Vercelli, Carpi,
, 10093111, 03/10/2026 18:30:00, 03/10/2026 22:00:00,Al Kass [031 / 501],Israel4,Not Set,Stats Perform,Soccer, Asia - Gulf Cup of Nations - Male, Asia, UAE, Oman,
fd7bea00-ed21-4e53-9c50-e90da2472b6d, 10088681, 03/10/2026 18:45:00, 03/10/2026 21:15:00,Sport TV 1 [21],Euro84,MEO 2,Stats Perform,Soccer, Europe - UEFA Nations League - Male, Europe, Spain, Czechia,switch
f9915589-c719-44d2-834a-17c0f7555b00, 10084712, 03/10/2026 18:45:00, 03/10/2026 21:15:00,Stadium Feed,Euro166,HBS_CH08,Stats Perform,Soccer, France - Ligue 3 - Male, France, Cannes, Quevilly-Rouen Metropole,
e5e3b52a-f04a-48d5-9af7-435fb762552d, 10084711, 03/10/2026 18:45:00, 03/10/2026 21:15:00,Stadium Feed,Euro167,HBS_CH07,Stats Perform,Soccer, France - Ligue 3 - Male, France, Amiens, Villefranche,
e2b8f147-7c07-4374-84c4-6653c637e74c, 10084710, 03/10/2026 18:45:00, 03/10/2026 21:15:00,Stadium Feed,Euro168,HBS_CH06,Stats Perform,Soccer, France - Ligue 3 - Male, France, Versailles, Valenciennes,
d568a477-93fd-4e48-a43e-267c9ea206f1, 10089666, 03/10/2026 18:45:00, 03/10/2026 21:15:00,TG4 [104],Euro49,SKYIE-1,Stats Perform,Rugby Union, Europe - United Rugby Championship - Male, Europe, Munster, Bulls,
93f7a27b-ff44-4d1f-9762-0a824d2ab511, 10084709, 03/10/2026 18:45:00, 03/10/2026 21:15:00,Stadium Feed,Euro169,HBS_CH01,Stats Perform,Soccer, France - Ligue 3 - Male, France, Concarneau, Paris 13 Atletico,
90b38297-c22e-49cf-996a-31f6ae7b8da6, 10084708, 03/10/2026 18:45:00, 03/10/2026 21:15:00,Stadium Feed,Euro170,HBS_CH02,Stats Perform,Soccer, France - Ligue 3 - Male, France, Rouen, Bourg-Peronnas,
70894151-4faf-4ca9-862b-fc445c6ed901, 10090283, 03/10/2026 18:45:00, 03/10/2026 21:15:00,TNT Sport 1 [410],Euro55,ASTRA-3,Stats Perform,Rugby Union, England - Prem - Male, England, Newcastle Red Bulls, Leicester Tigers,
6a838a8e-c344-4753-8189-a7c9726a986e, 10084707, 03/10/2026 18:45:00, 03/10/2026 21:15:00,Stadium Feed,Euro171,HBS_CH04,Stats Perform,Soccer, France - Ligue 3 - Male, France, La Roche VF, Aubagne Air Bel,
69c79a91-8ada-4908-b325-f13f59e95c01, 10088653, 03/10/2026 18:45:00, 03/10/2026 21:15:00,Sport TV 3 [23],Euro85,MEO 3,Stats Perform,Soccer, Europe - UEFA Nations League - Male, Europe, Switzerland, Slovenia,
5e6e91f1-9ac9-4d12-b1c8-1c02bc0e3b88, 10084706, 03/10/2026 18:45:00, 03/10/2026 21:15:00,Stadium Feed,Euro172,HBS_CH03,Stats Perform,Soccer, France - Ligue 3 - Male, France, Fleury, Caen,
03aba9c8-807e-400a-a183-ee19826a5b71, 10084704, 03/10/2026 18:45:00, 03/10/2026 21:15:00,Stadium Feed,Euro173,HBS_CH05,Stats Perform,Soccer, France - Ligue 3 - Male, France, Le Puy Foot, Thionville Lusitanos,
, 10089656, 03/10/2026 18:45:00, 03/10/2026 21:15:00,Super Sport Football [205],Sa2,Not Set,Stats Perform,Soccer, Europe - UEFA Nations League - Male, Europe, Switzerland, Slovenia,switch
, 10089659, 03/10/2026 18:45:00, 03/10/2026 21:15:00,Virgin Media Two [105],Euro200,IRL_VIRGIN2,Stats Perform,Soccer, Europe - UEFA Nations League - Male, Europe, Spain, Czechia,
, 10090222, 03/10/2026 18:45:00, 03/10/2026 21:15:00,BBC Scotland [187],Euro56,ASTRA-4,Stats Perform,Soccer, Europe - UEFA Nations League - Male, Europe, North Macedonia, Scotland,
f33f8077-1d01-487f-a083-e2f86d252dbe, 10091229, 03/10/2026 19:00:00, 04/10/2026 01:00:00,316 GOLF -S,Us26,Not Set,Stats Perform,Golf, United States - Compliance Solutions Championship - Mixed, United States, , ,
f19c9582-a77d-416a-b8b7-b4e8164dca4c, 10087457, 03/10/2026 19:00:00, 03/10/2026 21:30:00,Premier Sport 2 [419],Euro54,ASTRA-2,Stats Perform,Rugby Union, France - Top 14 - Male, France, Castres Olympique, Stade Toulousain,switch
e0771cb1-f1c3-40ea-848e-72a4c0433f66, 10085354, 03/10/2026 19:00:00, 03/10/2026 21:30:00,Stadium Feed,Euro158,GEN_CH05,Stats Perform,Soccer, Colombia - Primera A - Male, Colombia, Aguilas Doradas, Jaguares de Cordoba,
c6b0c31f-52f0-4863-8274-a5d916c0fa40, 10089642, 03/10/2026 19:00:00, 03/10/2026 21:30:00,DAZN Baloncesto 3,Euro32,Spain-2,Stats Perform,Basketball, Spain - Liga ACB - Male, Spain, Manresa, Breogan,switch
c3db0dce-0ed7-477f-994a-d6a24a4b33b1, 10088542, 03/10/2026 19:00:00, 03/10/2026 22:30:00,55 - WMYT,Us16,Not Set,Stats Perform,American Football, United States - NCAA Division I - Male, United States, Hampton, Howard,
a6c388c1-00b8-451f-9f17-280f3227a96d, 10086729, 03/10/2026 19:00:00, 03/10/2026 21:30:00,Stadium Feed,Euro114,LVM_CH19,Stats Perform,Soccer, Bolivia - Copa Bolivia - Male, Bolivia, Always Ready, Real Tomayapo,
8a3021b4-8483-42ce-b925-d448c7ce3dd2, 10087541, 03/10/2026 19:00:00, 03/10/2026 21:30:00,Infront,Euro211,IGM_INF_DSC_DEFAULT,InFront Streaming,Soccer, Brazil - Brazilian Serie B - Mixed, Brazil, Atletico GO, America MG,
85b1d890-f05e-4dba-bd9b-b5aad52302d4, 10091667, 03/10/2026 19:00:00, 03/10/2026 21:30:00,MediaPro,Euro213,IGM_MEDIAPRO_CH02,Stats Perform,Soccer, Uruguay - Segunda Division - Male, Uruguay, Rentistas, Huracan,switch
7b87c0e9-cdf3-4428-8600-2e23bd9c9a24, 10092221, 03/10/2026 19:00:00, 03/10/2026 22:30:00,311 TSN 1,Us25,Not Set,Stats Perform,American Football, Canada - CFL - Male, Canada, Toronto Argonauts, BC Lions,
32bb7ad4-ac6c-4a44-a5db-d6b3a623adbf, 10088045, 03/10/2026 19:00:00, 03/10/2026 21:30:00,Canal Foot [61],Euro18,FRA-1,Stats Perform,Soccer, France - Premiere Ligue - Female, France, Paris FC, Lens,
2978fbbf-9b19-486d-9f2a-0fa2617aceed, 10092550, 03/10/2026 19:00:00, 03/10/2026 21:30:00,Stadium Feed,Euro174,TSW_Ch09,Stats Perform,Soccer, World - Friendlies - Male, World, Cote d'Ivoire, Cameroon,
, 10058882, 03/10/2026 19:00:00, 04/10/2026 03:00:00,Stadium Feed,Euro130,UZO_CH01,Legacy,Darts, PDC World Grand Prix, World, , ,
94600d9f-2295-4704-877d-4d4b51b299f2, 10088466, 03/10/2026 19:30:00, 03/10/2026 23:00:00,2- CBS WBTV,Us7,Not Set,Stats Perform,American Football, United States - NCAA Division I - Male, United States, Iowa, Ohio State,
7718ed22-a2d4-48b1-b932-a1da09da6a67, 10088422, 03/10/2026 19:30:00, 03/10/2026 23:00:00,221 - CBSSN,Us14,Not Set,Stats Perform,American Football, United States - NCAA Division I - Male, United States, UNLV, California,
6ab47d1c-e3c9-4abf-9c04-bd7f4a3e5d1a, 10088401, 03/10/2026 19:30:00, 03/10/2026 23:00:00,206 -ESPN 1,Us1,Not Set,Stats Perform,American Football, United States - NCAA Division I - Male, United States, Tennessee, Auburn,
41a99643-4ef3-4487-b368-5f8a4abe1c6e, 10088325, 03/10/2026 19:30:00, 03/10/2026 23:00:00,612 ACC,Us11,Not Set,Stats Perform,American Football, United States - NCAA Division I - Male, United States, North Carolina State, Louisville,
2fcafcf4-f899-4edc-b29a-df3e865029e5, 10088301, 03/10/2026 19:30:00, 03/10/2026 23:00:00,11 - WPIX,Us5,Not Set,Stats Perform,American Football, United States - NCAA Division I - Male, United States, North Dakota State, Wyoming,
2866ae81-f3e3-4a81-8dc9-299dc511f9e1, 10088290, 03/10/2026 19:30:00, 03/10/2026 23:00:00,209 - ESPN 2,Us2,Not Set,Stats Perform,American Football, United States - NCAA Division I - Male, United States, Florida State, Virginia,
1e059fca-4dac-4fd7-97e1-316651a241a8, 10088273, 03/10/2026 19:30:00, 03/10/2026 23:00:00,7 - WABC WSOC,Us10,Not Set,Stats Perform,American Football, United States - NCAA Division I - Male, United States, Missouri, Florida,
284e04fd-57ed-4863-83a4-3d8059c434e3, 10088289, 03/10/2026 19:45:00, 03/10/2026 23:15:00,208 - ESPN U,Us3,Not Set,Stats Perform,American Football, United States - NCAA Division I - Male, United States, James Madison, Marshall,
, 10087454, 03/10/2026 19:45:00, 04/10/2026 01:45:00,Eurosport France [70] SD,Euro19,FRA-2,Legacy,Cycling, Mountain Bike, World, , ,
e10a141d-e0eb-4330-974d-39f5c3d31e7d, 10087767, 03/10/2026 20:00:00, 03/10/2026 22:30:00,Stadium Feed,Euro111,ADC_CH04,Stats Perform,Basketball, World - Women's Basketball League Americas - Female, World, Sportiva Italiana, Araraquara,
d617ee70-288d-4b5b-8f7e-f47115553610, 10092203, 03/10/2026 20:00:00, 04/10/2026 00:00:00,5 - WJZY FOX (WNYW),Us6,Not Set,Stats Perform,Baseball, United States - MLB - Male, United States, Los Angeles Dodgers, Atlanta Braves,
c55b85aa-dabf-4b17-97fd-27d9c1df9c23, 10086862, 03/10/2026 20:00:00, 03/10/2026 22:30:00,Arryadia [375],Euro13,HOTFTA-2,Stats Perform,Soccer, Morocco - Botola Pro - Male, Morocco, Raja Casablanca, Renaissance Zemamra,
a31ff21a-9fa8-4887-b999-9ea7bc10fc34, 10088489, 03/10/2026 20:00:00, 03/10/2026 23:30:00,219 - FS1,Us18,Not Set,Stats Perform,American Football, United States - NCAA Division I - Male, United States, Nebraska, Maryland,
9194e5e9-506c-4c1b-a250-c949ad7021e9, 10087542, 03/10/2026 20:00:00, 03/10/2026 22:30:00,Infront,Euro212,IGM_INF_DSC_DEFAULT,InFront Streaming,Soccer, Brazil - Brazilian Serie B - Mixed, Brazil, Cuiaba, Ponte Preta,
8bfde21a-8691-476a-844e-a29efa5c4e49, 10086028, 03/10/2026 20:00:00, 03/10/2026 22:30:00,Stadium Feed,Euro175,SMP_CH08,Stats Perform,Soccer, Paraguay - Division Profesional - Male, Paraguay, Club Guarani, Sportivo San Lorenzo,
73998146-5536-4fc4-afcf-01840a5bf179, 10091306, 03/10/2026 20:00:00, 03/10/2026 22:30:00,Stadium Feed,Euro176,CIS_CH01,Stats Perform,Soccer, Costa Rica - Liga de Ascenso - Male, Costa Rica, Uruguay, Pitbulls Santa Barbara,
70234036-9807-428a-a86c-79602bd77bf0, 10091444, 03/10/2026 20:00:00, 03/10/2026 22:30:00,Stadium Feed,Euro112,GEN_CH02,Stats Perform,Soccer, Argentina - Liga Profesional Argentina - Male, Argentina, Atletico Tucuman, Barracas Central,
237cf722-5a06-4bea-9047-71ae02455e96, 10091433, 03/10/2026 20:00:00, 03/10/2026 22:30:00,Stadium Feed,Euro153,GEN_CH03,Stats Perform,Soccer, Argentina - Liga Profesional Argentina - Male, Argentina, Newell's Old Boys, Lanus,
197f765b-2962-42ea-af76-7521cee2c7f6, 10085496, 03/10/2026 20:00:00, 03/10/2026 22:30:00,Stadium Feed,Euro177,XVI_CH28,Stats Perform,Soccer, Brazil - Serie C - Male, Brazil, Santa Cruz, Maringa,
00d9d977-00b3-43da-8f1c-285757ebab07, 10085495, 03/10/2026 20:00:00, 03/10/2026 22:30:00,Stadium Feed,Euro178,XVI_CH27,Stats Perform,Soccer, Brazil - Serie C - Male, Brazil, Floresta, Botafogo PB,
, 10090004, 03/10/2026 20:00:00, 03/10/2026 23:00:00,639 - SNY,Us12,Not Set,Legacy,Ice Hockey, College Hockey, United States, Quinnipiac, Merrimack ,
, 10092887, 03/10/2026 20:00:00, 04/10/2026 00:00:00,Sport 1 DSF Plus [242],Euro30,GER-6,Stats Perform,Baseball, United States - MLB - Male, United States, Los Angeles Dodgers, Atlanta Braves,
63b9c839-4879-413f-9fc9-810ad645ae91, 10092944, 03/10/2026 20:15:00, 03/10/2026 22:15:00,Canal 11 [11],Euro83,MEO 1,Stats Perform,Futsal, Portugal - Liga Placard - Male, Portugal, Benfica, Leoes Porto Salvo,
4c8afcfb-7d66-4306-931b-d28513d9bb8b, 10088346, 03/10/2026 20:15:00, 03/10/2026 23:45:00,611 - SEC Network,Us19,Not Set,Stats Perform,American Football, United States - NCAA Division I - Male, United States, South Carolina, Kentucky,
0985c368-a859-40f1-9f09-695f945aaebd, 10088250, 03/10/2026 20:15:00, 03/10/2026 23:45:00,319 BIGTEN -S,Us24,Not Set,Stats Perform,American Football, United States - NCAA Division I - Male, United States, Illinois, Purdue,
e57e6197-b730-486f-b65e-09e9eb04938e, 10088831, 03/10/2026 20:30:00, 03/10/2026 23:00:00,Stadium Feed,Euro179,GEN_CH07,Stats Perform,Soccer, Colombia - Primera B - Male, Colombia, Real Santander, Union Magdalena,
a4c5422f-b103-41f1-b55e-b23594f843a3, 10088830, 03/10/2026 20:30:00, 03/10/2026 23:00:00,Stadium Feed,Euro159,GEN_CH06,Stats Perform,Soccer, Colombia - Primera B - Male, Colombia, Patriotas Boyaca, Independiente Cauca,
9c2c777c-8f19-4f6f-b06d-006340025099, 10090752, 03/10/2026 20:30:00, 03/10/2026 23:00:00,Stadium Feed,Euro163,ZAP_CH01,Stats Perform,Soccer, Ecuador - Liga Pro Serie B - Male, Ecuador, LDU Portoviejo, El Nacional,
315a8f93-7635-4335-83e9-01a532115bee, 10092407, 03/10/2026 20:30:00, 03/10/2026 23:00:00,Stadium Feed,Euro180,FIF_CH17,Stats Perform,Soccer, Venezuela - Segunda Division - Male, Venezuela, Barquisimeto, Atletico El Vigia,
, 10092199, 03/10/2026 20:30:00, 04/10/2026 02:30:00,246 -TruTv -D,Us20,Not Set,Legacy,Motorsports, NASCAR Cup Series Championship, United States, , ,
d0865933-41bc-4e13-93aa-466223cb4aef, 10082547, 03/10/2026 21:00:00, 03/10/2026 23:30:00,Stadium Feed,Euro181,FIF_CH09,Stats Perform,Soccer, Nicaragua - Primera Division - Male, Nicaragua, Sport Sebaco, Matagalpa,
c2411829-5a88-47c1-9d0a-0ee4737f6970, 10091609, 03/10/2026 21:00:00, 03/10/2026 23:30:00,MediaPro,Euro203,IGM_MEDIAPRO_CH01,Stats Perform,Soccer, Uruguay - Liga AUF - Male, Uruguay, Deportivo Maldonado, Central Espanol,switch
21923393-d8cf-44bb-ad5e-b75d80c2bf83, 10085368, 03/10/2026 21:00:00, 03/10/2026 23:30:00,Stadium Feed,Euro133,MPR_CH01,Stats Perform,Soccer, N/C America - Concacaf Nations League - Male, N/C America, Sint Maarten, St. Vincent / Grenadines,
, 10090003, 03/10/2026 21:00:00, 04/10/2026 03:00:00,316 GOLF -S,Us26,Not Set,Stats Perform,Golf, United States - Bank of Utah Championship - Mixed, United States, , ,
, 10092536, 03/10/2026 21:00:00, 04/10/2026 03:00:00,Radio 5 Live united kingdom,Euro44,R5L,Legacy,Boxing, International Contest, World, Ben Whittaker, Conor Wallace,
ee0a51bb-bbbd-4076-a229-4657604b2953, 10085356, 03/10/2026 21:05:00, 03/10/2026 23:35:00,Stadium Feed,Euro196,GEN_CH04,Stats Perform,Soccer, Colombia - Primera A - Male, Colombia, Deportes Tolima, Boyaca Chico,
dc68debf-b6fc-4b25-a2a0-2409b824ffbc, 10087756, 03/10/2026 21:10:00, 03/10/2026 23:40:00,Stadium Feed,Euro182,ADC_CH06,Stats Perform,Basketball, South America - Liga SudAmericana - Male, South America, Mogi das Cruzes, Importadora Alvarado,
ca5d2f49-66dd-4825-861e-c4f1cd5a87f3, 10086732, 03/10/2026 21:15:00, 03/10/2026 23:45:00,Stadium Feed,Euro115,LVM_CH20,Stats Perform,Soccer, Bolivia - Copa Bolivia - Male, Bolivia, Nacional Potosi, Real Oruro,
e71fef5d-69f4-4f62-82d3-d4367634fffb, 10086894, 03/10/2026 21:30:00, 04/10/2026 00:00:00,Infront,Euro202,IGM_INF_DSC_DEFAULT,InFront Streaming,Soccer, Brazil - Brazilian Serie A - Mixed, Brazil, Atletico MG, Bragantino,
2ed21154-ffa2-4667-bc04-7f75b345d815, 10087543, 03/10/2026 21:30:00, 04/10/2026 00:00:00,Infront,Euro201,IGM_INF_DSC_DEFAULT,InFront Streaming,Soccer, Brazil - Brazilian Serie B - Mixed, Brazil, Botafogo SP, Vila Nova,
a4048491-34ca-4dfa-96cd-b3c4b579c298, 10088492, 03/10/2026 22:00:00, 04/10/2026 01:30:00,242 - USA,Us9,Not Set,Stats Perform,American Football, United States - NCAA Division I - Male, United States, Colorado State, Oregon State,
98064fab-5d69-4057-ae55-9fa08f356c94, 10091668, 03/10/2026 22:00:00, 04/10/2026 00:30:00,MediaPro,Euro204,IGM_MEDIAPRO_CH02,Stats Perform,Soccer, Uruguay - Segunda Division - Male, Uruguay, Tacuarembo, Atenas,switch
3beadd73-5758-40f1-b1f9-3f9f4c8bdaf8, 10088718, 03/10/2026 22:00:00, 04/10/2026 00:30:00,Stadium Feed,Euro183,LVM_CH06,Stats Perform,Soccer, Brazil - Copa Paulista - Male, Brazil, Sao Jose EC, Noroeste,
, 10091631, 03/10/2026 22:00:00, 04/10/2026 06:00:00,Super Sport Action [210],Sa3,Not Set,Legacy,Martial Arts, UFC, World, Imanol Rodriguez , Alden Coria,switch
, 10092449, 03/10/2026 22:00:00, 04/10/2026 06:00:00,TNT Sport 1 [410],Euro55,ASTRA-3,Legacy,Martial Arts, UFC, World, Imanol Rodriguez , Alden Coria,
aabf73fa-5ca4-423f-9b9c-15fd11aeba7d, 10086029, 03/10/2026 22:15:00, 04/10/2026 00:45:00,Stadium Feed,Euro184,SMP_CH09,Stats Perform,Soccer, Paraguay - Division Profesional - Male, Paraguay, Recoleta, Libertad,
e17b82c2-8147-40f6-acbf-ee8639bbe1c3, 10092208, 03/10/2026 22:30:00, 04/10/2026 01:00:00,Super Sport ESPN 2 [219],Sa2,Not Set,Stats Perform,Soccer, United States - NWSL - Female, United States, Kansas City Current, Bay,switch
9e464c92-4955-4a94-8c68-8452d59a380d, 10085501, 03/10/2026 22:30:00, 04/10/2026 01:00:00,Stadium Feed,Euro185,XVI_CH30,Stats Perform,Soccer, Brazil - Serie C - Male, Brazil, Paysandu, Ferroviaria,
84b7b6e2-7d51-42ed-b31a-d080624b32bf, 10092202, 03/10/2026 22:30:00, 04/10/2026 02:30:00,247 - TBS - D,Us17,Not Set,Stats Perform,Baseball, United States - MLB - Male, United States, Tampa Bay Rays, New York Yankees,
3a59036f-8130-4c98-abae-317feee75849, 10085497, 03/10/2026 22:30:00, 04/10/2026 01:00:00,Stadium Feed,Euro186,XVI_CH29,Stats Perform,Soccer, Brazil - Serie C - Male, Brazil, Inter de Limeira, Brusque,
, 10092888, 03/10/2026 22:30:00, 04/10/2026 02:30:00,Sport 1 DSF Plus [242],Euro30,GER-6,Stats Perform,Baseball, United States - MLB - Male, United States, Tampa Bay Rays, New York Yankees,
f80dabdd-321c-4697-a83c-485cd71f0e07, 10088607, 03/10/2026 23:00:00, 04/10/2026 02:30:00,209 - ESPN 2,Us2,Not Set,Stats Perform,American Football, United States - NCAA Division I - Male, United States, Texas A&M, Arkansas,
e2cd0db5-83f1-44ea-8db6-2c765667817b, 10087254, 03/10/2026 23:00:00, 04/10/2026 02:00:00,659 - ATTPT Root Sports,Us15,Not Set,Stats Perform,Ice Hockey, United States - NHL - Male, United States, Pittsburgh Penguins, Montreal Canadiens,
b64cdffd-875f-4e92-89d2-e7559f76f53a, 10087253, 03/10/2026 23:00:00, 04/10/2026 02:00:00,Premier Sports 1 [419] united kingdom,Euro54,ASTRA-2,Stats Perform,Ice Hockey, United States - NHL - Male, United States, Edmonton Oilers, Seattle Kraken,switch
a1e830ea-e946-4b72-b617-1b204338a1b9, 10087765, 03/10/2026 23:00:00, 04/10/2026 01:30:00,Stadium Feed,Euro111,ADC_CH04,Stats Perform,Basketball, World - Women's Basketball League Americas - Female, World, Leones de Quilpue, Bay Area Phoenix,
5d8a330c-b419-4b11-bfd1-f4c5d7ce2c4e, 10088380, 03/10/2026 23:00:00, 04/10/2026 02:30:00,206 -ESPN 1,Us1,Not Set,Stats Perform,American Football, United States - NCAA Division I - Male, United States, TCU, BYU,
5123d45b-7d82-4b4f-84ac-87e61b604989, 10087248, 03/10/2026 23:00:00, 04/10/2026 02:00:00,780 - Centre Ice 12,Us4,Not Set,Stats Perform,Ice Hockey, United States - NHL - Male, United States, Columbus Blue Jackets, Utah Mammoth,switch
32b4c7fc-6e31-478d-9fb4-a6ab59816759, 10090346, 03/10/2026 23:00:00, 04/10/2026 01:30:00,639 - SNY,Us12,Not Set,Stats Perform,Soccer, United States - USL Championship - Male, United States, Brooklyn, Rhode Island,
31c73e32-657d-423c-96f6-686d5f903b0e, 10087247, 03/10/2026 23:00:00, 04/10/2026 02:00:00,772 - Centre Ice 04,Us7,Not Set,Stats Perform,Ice Hockey, United States - NHL - Male, United States, Toronto Maple Leafs, Ottawa Senators,switch
19e2c110-4c04-47ca-a914-aeb88b607b8e, 10087245, 03/10/2026 23:00:00, 04/10/2026 02:00:00,778 - Centre Ice 10,Us8,Not Set,Stats Perform,Ice Hockey, United States - NHL - Male, United States, Philadelphia Flyers, Carolina Hurricanes,switch
050fa12e-27a2-4993-bdb6-f3f321777081, 10092255, 03/10/2026 23:00:00, 04/10/2026 02:30:00,315 TSN 5,Us21,Not Set,Stats Perform,American Football, Canada - CFL - Male, Canada, Montreal Alouettes, Winnipeg Blue Bombers,
, 10090535, 03/10/2026 23:00:00, 04/10/2026 02:00:00,V Sport 1 Norway [89],Euro66,SCAND-6 N,Stats Perform,Ice Hockey, United States - NHL - Male, United States, Tampa Bay Lightning, Washington Capitals,switch
, 10092119, 03/10/2026 23:00:00, 04/10/2026 02:00:00,V Sport Vinter HD [88],Euro64,SCAND-4 S,Stats Perform,Ice Hockey, United States - NHL - Male, United States, Buffalo Sabres, Chicago Blackhawks,switch
4f35ce79-f5b5-4cfa-902e-e3df8e40aef4, 10065699, 03/10/2026 23:10:00, 04/10/2026 01:40:00,Stadium Feed,Euro113,GEN_CH01,Stats Perform,Soccer, Colombia - Copa Colombia - Male, Colombia, Barranquilla, Millonarios,
cd1013b6-aa64-4907-b6e4-1c1a4987e786, 10086733, 03/10/2026 23:30:00, 04/10/2026 02:00:00,Stadium Feed,Euro114,LVM_CH19,Stats Perform,Soccer, Bolivia - Copa Bolivia - Male, Bolivia, The Strongest, Universitario de Vinto,
c4555cea-869b-428e-9863-0823bb8ceae2, 10088543, 03/10/2026 23:30:00, 04/10/2026 03:00:00,5 - WJZY FOX (WNYW),Us6,Not Set,Stats Perform,American Football, United States - NCAA Division I - Male, United States, Colorado, Texas Tech,
8e9c1628-5657-4f98-96ac-da609f2a1b98, 10088462, 03/10/2026 23:30:00, 04/10/2026 03:00:00,221 - CBSSN,Us14,Not Set,Stats Perform,American Football, United States - NCAA Division I - Male, United States, Boise State, Utah State,
837cda73-369a-4dcf-8275-ce4720fad416, 10088449, 03/10/2026 23:30:00, 04/10/2026 03:00:00,4 - NBC WCNC united states,Us13,Not Set,Stats Perform,American Football, United States - NCAA Division I - Male, United States, USC, Washington,
713bc97c-e77c-4a85-85f2-16923de1303a, 10087251, 03/10/2026 23:30:00, 04/10/2026 02:30:00,634 MSG - D,Us11,Not Set,Stats Perform,Ice Hockey, United States - NHL - Male, United States, New York Islanders, New Jersey Devils,switch
6b60e177-4404-41db-877d-d00608a058eb, 10088404, 03/10/2026 23:30:00, 04/10/2026 03:00:00,7 - WABC WSOC,Us10,Not Set,Stats Perform,American Football, United States - NCAA Division I - Male, United States, Clemson, Miami (FL),
487ab748-0d26-4ef0-9667-b31e07aefb22, 10088335, 03/10/2026 23:30:00, 04/10/2026 03:00:00,208 - ESPN U,Us3,Not Set,Stats Perform,American Football, United States - NCAA Division I - Male, United States, South Florida, Temple,
, 10090337, 03/10/2026 23:30:00, 04/10/2026 05:30:00,11 - WPIX,Us5,Not Set,Legacy,Motorsports, NASCAR O'Reilly Auto Parts Series, United States, , ,
9f8c9de8-2b3d-444b-b072-f9879251526a, 10088484, 03/10/2026 23:45:00, 04/10/2026 03:15:00,611 - SEC Network,Us19,Not Set,Stats Perform,American Football, United States - NCAA Division I - Male, United States, LSU, McNeese State,
